index,disease_name,description,Possible Steps,image_url
0,Apple : Scab (ಆಪಲ್: ಸ್ಕ್ಯಾಬ್),"ಆಪಲ್ ಸ್ಕ್ಯಾಬ್ ಮಿನ್ನೇಸೋಟದ ಸೇಬು ಮತ್ತು ಕ್ರಾಬಪಲ್ ಮರಗಳ ಸಾಮಾನ್ಯ ಕಾಯಿಲೆಯಾಗಿದೆ.
ಎಲೆಗಳು ಮತ್ತು ಹಣ್ಣು ಎರಡನ್ನೂ ಸೋಂಕು ತಗುಲಿಸುವ ಶಿಲೀಂಧ್ರದಿಂದ ಸ್ಕ್ಯಾಬ್ ಉಂಟಾಗುತ್ತದೆ.
ಸ್ಕ್ಯಾಬಿ ಹಣ್ಣು ಹೆಚ್ಚಾಗಿ ತಿನ್ನಲು ಅನರ್ಹವಾಗಿರುತ್ತದೆ.
ಸೋಂಕಿತ ಎಲೆಗಳು ಆಲಿವ್ ಹಸಿರು ಬಣ್ಣದಿಂದ ಕಂದು ಕಲೆಗಳನ್ನು ಹೊಂದಿವೆ.
ಅನೇಕ ಎಲೆಗಳ ತಾಣಗಳನ್ನು ಹೊಂದಿರುವ ಎಲೆಗಳು ಹಳದಿ ಬಣ್ಣಕ್ಕೆ ತಿರುಗಿ ಬೇಗನೆ ಬೀಳುತ್ತವೆ.
ಎಲೆಗಳ ನಷ್ಟವು ಸತತವಾಗಿ ಹಲವು ವರ್ಷಗಳ ಕಾಲ ಸಂಭವಿಸಿದಾಗ ಮರವನ್ನು ದುರ್ಬಲಗೊಳಿಸುತ್ತದೆ.
ರೋಗ ನಿರೋಧಕ ಪ್ರಭೇದಗಳನ್ನು ನೆಡುವುದು SCAB ಅನ್ನು ನಿರ್ವಹಿಸಲು ಉತ್ತಮ ಮಾರ್ಗವಾಗಿದೆ.","ಸಾಧ್ಯವಾದಾಗ ನಿರೋಧಕ ಪ್ರಭೇದಗಳನ್ನು ಆರಿಸಿ.
ಮುಂದಿನ ವಸಂತಕಾಲದಲ್ಲಿ ರೋಗ ಚಕ್ರವನ್ನು ಮತ್ತೆ ಪ್ರಾರಂಭಿಸಲು ಲಭ್ಯವಿರುವ ಶಿಲೀಂಧ್ರ ಬೀಜಕಗಳ ಸಂಖ್ಯೆಯನ್ನು ಕಡಿಮೆ ಮಾಡಲು ಮರಗಳ ಕೆಳಗೆ ಕುಂಟೆ ಮತ್ತು ಸೋಂಕಿತ ಎಲೆಗಳನ್ನು ನಾಶಮಾಡಿ.
ಸೋಂಕು ಸಂಭವಿಸುವ ಮೊದಲು ಒಣಗಲು ಎಲೆಗಳನ್ನು ನೀಡಲು ಸಂಜೆ ಅಥವಾ ಮುಂಜಾನೆ ನೀರು (ಓವರ್ಹೆಡ್ ನೀರಾವರಿ ತಪ್ಪಿಸಿ).
ಮರಗಳ ಕೆಳಗೆ 3 ರಿಂದ 6-ಇಂಚಿನ ಪದರದ ಕಾಂಪೋಸ್ಟ್ ಅನ್ನು ಹರಡಿ, ಅದನ್ನು ಕಾಂಡದಿಂದ ದೂರವಿರಿಸಿ, ಮಣ್ಣನ್ನು ಮುಚ್ಚಿ ಮತ್ತು ಶಿಲೀಂಧ್ರ ಬೀಜಕಗಳ ಸ್ಪ್ಲಾಶ್ ಪ್ರಸರಣವನ್ನು ತಡೆಯಲು.
ಉತ್ತಮ ನಿಯಂತ್ರಣಕ್ಕಾಗಿ, ರೋಗಲಕ್ಷಣಗಳು ಸಾಮಾನ್ಯವಾಗಿ ಕಾಣಿಸಿಕೊಳ್ಳುವ ಎರಡು ವಾರಗಳ ಮೊದಲು ದ್ರವ ತಾಮ್ರದ ಸೋಪ್ ಅನ್ನು ಮುಂಚೆಯೇ ಸಿಂಪಡಿಸಿ.ಪರ್ಯಾಯವಾಗಿ, ರೋಗವು ಮೊದಲು ಕಾಣಿಸಿಕೊಂಡಾಗ ಅಪ್ಲಿಕೇಶನ್‌ಗಳನ್ನು ಪ್ರಾರಂಭಿಸಿ, ಮತ್ತು ಹೂವು ಕುಸಿತದವರೆಗೆ 7 ರಿಂದ 10 ದಿನಗಳ ಮಧ್ಯಂತರದಲ್ಲಿ ಪುನರಾವರ್ತಿಸಿ.",https://extension.umn.edu/sites/extension.umn.edu/files/apple-scab-1.jpg
1,Apple : Black Rot (ಆಪಲ್: ಕಪ್ಪು ಕೊಳೆತ),"ಎಲೆಗಳು ತೆರೆದುಕೊಳ್ಳುತ್ತಿರುವಾಗ ವಸಂತಕಾಲದ ಆರಂಭದಲ್ಲಿ ಎಲೆಗಳ ಲಕ್ಷಣಗಳು ಮೊದಲು ಸಂಭವಿಸುತ್ತವೆ.
ಅವು ಎಲೆಗಳ ಮೇಲಿನ ಮೇಲ್ಮೈಯಲ್ಲಿ ಸಣ್ಣ, ನೇರಳೆ ಸ್ಪೆಕ್‌ಗಳಾಗಿ ಗೋಚರಿಸುತ್ತವೆ, ಅದು 1/8 ರಿಂದ 1/4 ಇಂಚು (3-6 ಮಿಮೀ) ವ್ಯಾಸದಲ್ಲಿ ವೃತ್ತಾಕಾರದ ಗಾಯಗಳಿಗೆ ವಿಸ್ತರಿಸುತ್ತದೆ.
ಗಾಯಗಳ ಅಂಚು ನೇರಳೆ ಬಣ್ಣದ್ದಾಗಿ ಉಳಿದಿದೆ, ಆದರೆ ಕೇಂದ್ರವು ಕಂದು ಬಣ್ಣಕ್ಕೆ ತಿರುಗುತ್ತದೆ.ಕೆಲವು ವಾರಗಳಲ್ಲಿ, ಈ ಎಲೆಗಳ ತಾಣಗಳ ದ್ವಿತೀಯಕ ವಿಸ್ತರಣೆ ಸಂಭವಿಸುತ್ತದೆ.
ಹೆಚ್ಚು ಸೋಂಕಿತ ಎಲೆಗಳು ಕ್ಲೋರೋಟಿಕ್ ಆಗುತ್ತವೆ ಮತ್ತು ವಿರೂಪಗೊಳಿಸುವಿಕೆ ಸಂಭವಿಸುತ್ತದೆ.
ಕೊಳೆತ ಪ್ರದೇಶವು ವಿಸ್ತರಿಸಿದಂತೆ, ಏಕರೂಪದ ಅಗಲ ರೂಪದ ಏಕಕೇಂದ್ರಕ ಬ್ಯಾಂಡ್‌ಗಳ ಸರಣಿಯು ಕಪ್ಪು ಬಣ್ಣದಿಂದ ಕಂದು ಬಣ್ಣಕ್ಕೆ ಪರ್ಯಾಯವಾಗಿರುತ್ತದೆ.ಕೊಳೆತ ಪ್ರದೇಶದ ಮಾಂಸವು ದೃ and ವಾದ ಮತ್ತು ಚರ್ಮದ ಉಳಿದಿದೆ.ಸೋಂಕಿತ ಹಣ್ಣಿನ ಮೇಲ್ಮೈಯಲ್ಲಿ ಕಪ್ಪು ಪೈಕ್ನಿಡಿಯಾವನ್ನು ಹೆಚ್ಚಾಗಿ ಕಾಣಬಹುದು.",ತುದಿಯಿಂದ ಕನಿಷ್ಠ 15 ಇಂಚುಗಳಷ್ಟು ಸಮರುವಿಕೆಯನ್ನು ಮಾಡುವ ಮೂಲಕ ಕ್ಯಾನ್‌ಕರ್‌ಗಳನ್ನು ತೆಗೆದುಹಾಕಿ ಮತ್ತು ಅವುಗಳನ್ನು ಸುಟ್ಟು ಅಥವಾ ಹೂತುಹಾಕಿ.ಹೊಸ season ತುವಿನ ಸಮರುವಿಕೆಯೊಂದಿಗೆ ತಡೆಗಟ್ಟುವ ಆರೈಕೆಯನ್ನು ಸಹ ತೆಗೆದುಕೊಂಡು ಅವುಗಳನ್ನು ಸುಟ್ಟುಹಾಕಿ. ಸುಪ್ತ during ತುವಿನಲ್ಲಿ ನೀವು ಸಮರುವಿಕೆಯನ್ನು ಮಾಡುವುದು ಉತ್ತಮ.ಬೆಂಕಿಯ ರೋಗವು ನಿಮ್ಮ ಮರಕ್ಕೆ ಸೋಂಕು ತರುತ್ತದೆ ಮತ್ತು ಬೋಟ್ರಿಯೋಸ್ಫೇರಿಯಾದಿಂದ ಸುಲಭವಾಗಿ ಸೋಂಕಿಗೆ ಒಳಗಾಗುವ ಸತ್ತ ಅಂಗಾಂಶಗಳನ್ನು ಉತ್ಪಾದಿಸುವ ವಿಲಕ್ಷಣಗಳನ್ನು ಇದು ಕಡಿಮೆ ಮಾಡುತ್ತದೆ. ಬಾರ್ಕ್ ಹಾನಿಗೊಳಗಾಗಿದ್ದರೆ ಅಥವಾ ಗಾಳಿಯ ಬಿರುಗಾಳಿಯ ಸಮಯದಲ್ಲಿ ಶಾಖೆಗಳು ಮುರಿಯುತ್ತಿದ್ದರೆ ನೀವು ಮುನ್ನೆಚ್ಚರಿಕೆಗಳನ್ನು ತೆಗೆದುಕೊಳ್ಳಬೇಕು.ತಾಮ್ರ ಆಧಾರಿತ ಶಿಲೀಂಧ್ರನಾಶಕವನ್ನು ಬಳಸುವುದರಿಂದ ಕಪ್ಪು ಕೊಳೆತ ಮತ್ತು ಬೆಂಕಿಯ ರೋಗದಿಂದ ರಕ್ಷಿಸುತ್ತದೆ.,http://www.omafra.gov.on.ca/english/crops/facts/blackrotf1.jpg
2,Apple : Cedar rust (ಆಪಲ್: ಸೀಡರ್ ತುಕ್ಕು),"ಸೀಡರ್ ಆಪಲ್ ರಸ್ಟ್ (ಜಿಮ್ನೋಸ್ಪೊರಾಂಜಿಯಂ ಜುನಿಪೆರಿ-ವರ್ಜಿನಿಯಾನಾ) ಒಂದು ಶಿಲೀಂಧ್ರ ಕಾಯಿಲೆಯಾಗಿದ್ದು, ಜುನಿಪರ್ ಸಸ್ಯಗಳು ಅದರ ಸಂಕೀರ್ಣವಾದ ಎರಡು ವರ್ಷಗಳ ಜೀವನ ಚಕ್ರವನ್ನು ಪೂರ್ಣಗೊಳಿಸಬೇಕಾಗುತ್ತದೆ.ಬೀಜಕಗಳು ವಿವಿಧ ಜುನಿಪರ್ ಪ್ರಭೇದಗಳ ಯುವ ಕೊಂಬೆಗಳ ಮೇಲೆ ಕೆಂಪು-ಕಂದು ಬಣ್ಣದ ಗಾಲ್ ಆಗಿ ಓವರ್‌ವಿಂಟರ್.ವಸಂತಕಾಲದ ಆರಂಭದಲ್ಲಿ, ಆರ್ದ್ರ ವಾತಾವರಣದ ಸಮಯದಲ್ಲಿ, ಈ ಗಾಲ್‌ಗಳು ell ದಿಕೊಳ್ಳುತ್ತವೆ ಮತ್ತು ಪ್ರಕಾಶಮಾನವಾದ ಕಿತ್ತಳೆ ಬೀಜಕಗಳನ್ನು ಗಾಳಿಯಿಂದ ಬೀಸಲಾಗುತ್ತದೆ, ಅಲ್ಲಿ ಅವು ಒಳಗಾಗುವ ಸೇಬು ಮತ್ತು ಏಡಿ-ಸೇಬಿನ ಮರಗಳಿಗೆ ಸೋಂಕು ತರುತ್ತವೆ.ಈ ಮರಗಳ ಮೇಲೆ ಬೆಳೆಯುವ ಬೀಜಕಗಳು ಮುಂದಿನ ವರ್ಷ ಜುನಿಪರ್‌ಗಳಿಗೆ ಮಾತ್ರ ಸೋಂಕು ತರುತ್ತವೆ.ವರ್ಷದಿಂದ ವರ್ಷಕ್ಕೆ, ರೋಗವು ಜುನಿಪರ್‌ಗಳಿಂದ ಸೇಬಿಗೆ ಮತ್ತೆ ಜುನಿಪರ್‌ಗಳಿಗೆ ಹಾದುಹೋಗಬೇಕು;ಇದು ಸೇಬು ಮರಗಳ ನಡುವೆ ಹರಡಲು ಸಾಧ್ಯವಿಲ್ಲ.","ಲಭ್ಯವಿರುವಾಗ ನಿರೋಧಕ ತಳಿಗಳನ್ನು ಆರಿಸಿ.
ಮರಗಳ ಕೆಳಗೆ ಬಿದ್ದ ಎಲೆಗಳು ಮತ್ತು ಇತರ ಭಗ್ನಾವಶೇಷಗಳನ್ನು ವಿಲೇವಾರಿ ಮಾಡಿ.
ಸೋಂಕಿತ ಜುನಿಪರ್‌ಗಳಿಂದ ಗಾಲ್‌ಗಳನ್ನು ತೆಗೆದುಹಾಕಿ.ಕೆಲವು ಸಂದರ್ಭಗಳಲ್ಲಿ, ಜುನಿಪರ್ ಸಸ್ಯಗಳನ್ನು ಸಂಪೂರ್ಣವಾಗಿ ತೆಗೆದುಹಾಕಬೇಕು.
ಜುನಿಪರ್ ಹೋಸ್ಟ್ ಬಿಡುಗಡೆಯಾಗುವ ಬೀಜಕಗಳಿಂದ ಮರಗಳನ್ನು ರಕ್ಷಿಸಲು, ಬಡ್ ವಿರಾಮದಿಂದ ಪ್ರಾರಂಭಿಸಿ, ವಾರಕ್ಕೊಮ್ಮೆ ಸೇಬಿನ ಬಳಕೆಗಾಗಿ ಲೇಬಲ್ ಮಾಡಲಾದ ತಡೆಗಟ್ಟುವ, ರೋಗ-ಹೋರಾಟದ ಶಿಲೀಂಧ್ರನಾಶಕಗಳನ್ನು ಅನ್ವಯಿಸಿ.ಇದು ವರ್ಷಕ್ಕೆ ಒಂದು ಬಾರಿ ಮಾತ್ರ ಸಂಭವಿಸುತ್ತದೆ, ಆದ್ದರಿಂದ ಈ ವಸಂತಕಾಲದ ಹರಡುವಿಕೆಯ ನಂತರದ ಹೆಚ್ಚುವರಿ ಅಪ್ಲಿಕೇಶನ್‌ಗಳು ಅಗತ್ಯವಿಲ್ಲ.
ಜುನಿಪರ್ನಲ್ಲಿ, ಆಗಸ್ಟ್ ಅಂತ್ಯ ಮತ್ತು ಅಕ್ಟೋಬರ್ ಅಂತ್ಯದ ನಡುವೆ ಕನಿಷ್ಠ ನಾಲ್ಕು ಬಾರಿ ತಾಮ್ರದ ದ್ರಾವಣವನ್ನು (0.5 ರಿಂದ 2.0 z ನ್ಸ್/ ಗ್ಯಾಲನ್ ನೀರು) ಸಿಂಪಡಿಸುವ ಮೂಲಕ ತುಕ್ಕು ನಿಯಂತ್ರಿಸಬಹುದು.
ಹೆಚ್ಚಿನ ಶಿಲೀಂಧ್ರ ಮತ್ತು ಬ್ಯಾಕ್ಟೀರಿಯಾದ ಕಾಯಿಲೆಗಳಿಗೆ ಸೆರೆನೇಡ್ ಗಾರ್ಡನ್‌ನೊಂದಿಗೆ ಸುರಕ್ಷಿತವಾಗಿ ಚಿಕಿತ್ಸೆ ನೀಡಿ.ಈ ವಿಶಾಲ ಸ್ಪೆಕ್ಟ್ರಮ್ ಜೈವಿಕ-ಧುಮುಕುವುದು ಸಾವಯವ ಬಳಕೆಗಾಗಿ ನೋಂದಾಯಿಸಲಾದ ಬ್ಯಾಸಿಲಸ್ ಸಬ್ಟಿಲಿಸ್‌ನ ಪೇಟೆಂಟ್ ಪಡೆದ ಒತ್ತಡವನ್ನು ಬಳಸುತ್ತದೆ.ಎಲ್ಲಕ್ಕಿಂತ ಉತ್ತಮವಾಗಿ, ಸೆರೆನೇಡ್ ಜೇನು ಜೇನುನೊಣಗಳು ಮತ್ತು ಪ್ರಯೋಜನಕಾರಿ ಕೀಟಗಳಿಗೆ ಸಂಪೂರ್ಣವಾಗಿ ವಿಷಕಾರಿಯಲ್ಲ.",https://www.planetnatural.com/wp-content/uploads/2012/12/apple-rust.jpg
3,Apple : Healthy (ಆಪಲ್: ಆರೋಗ್ಯಕರ),"ಹೆಚ್ಚಿನ ಹಣ್ಣಿನಂತೆ, ಪೂರ್ಣ ಸೂರ್ಯನಲ್ಲಿ ಬೆಳೆದಾಗ ಸೇಬುಗಳು ಉತ್ತಮವಾಗಿ ಉತ್ಪತ್ತಿಯಾಗುತ್ತವೆ, ಇದರರ್ಥ ಪ್ರತಿದಿನ ಆರು ಅಥವಾ ಹೆಚ್ಚಿನ ಗಂಟೆಗಳ ನೇರ ಬೇಸಿಗೆಯ ಸೂರ್ಯನನ್ನು. ಸೇಬುಗಳಿಗೆ ಉತ್ತಮವಾದ ಮಾನ್ಯತೆ ದಕ್ಷಿಣಕ್ಕಿಂತ ಹೆಚ್ಚಾಗಿ ಮನೆ, ಮರದ ರೇಖೆ ಅಥವಾ ಏರಿಕೆಯ ಉತ್ತರ ಭಾಗವಾಗಿದೆ. ಆವಿಲ್ ಮರಗಳಿಗೆ ಚೆನ್ನಾಗಿ ಬರಿದಾದ ಮಣ್ಣಿನ ಅಗತ್ಯವಿರುತ್ತದೆ, ಆದರೆ ಕೆಲವು ತೇವಾಂಶವನ್ನು ಉಳಿಸಿಕೊಳ್ಳಲು ಸಾಧ್ಯವಾಗುತ್ತದೆ.","ಸೇಬುಗಳು ಪೌಷ್ಠಿಕಾಂಶವನ್ನು ಹೊಂದಿವೆ.
ತೂಕ ನಷ್ಟಕ್ಕೆ ಸೇಬುಗಳು ಉತ್ತಮವಾಗಿರಬಹುದು.
ಸೇಬುಗಳು ನಿಮ್ಮ ಹೃದಯಕ್ಕೆ ಉತ್ತಮವಾಗಿರಬಹುದು.
ಅವರು ಮಧುಮೇಹದ ಕಡಿಮೆ ಅಪಾಯಕ್ಕೆ ಸಂಬಂಧಿಸಿದ್ದಾರೆ.
ಅವು ಪ್ರಿಬಯಾಟಿಕ್ ಪರಿಣಾಮಗಳನ್ನು ಹೊಂದಿರಬಹುದು ಮತ್ತು ಉತ್ತಮ ಕರುಳಿನ ಬ್ಯಾಕ್ಟೀರಿಯಾವನ್ನು ಉತ್ತೇಜಿಸಬಹುದು.
ಸೇಬುಗಳಲ್ಲಿನ ವಸ್ತುಗಳು ಕ್ಯಾನ್ಸರ್ ತಡೆಗಟ್ಟಲು ಸಹಾಯ ಮಾಡುತ್ತದೆ.",https://previews.123rf.com/images/msnobody/msnobody1508/msnobody150800002/43698436-red-apple-on-a-branch-of-an-apple-tree-on-a-sunny-day-organic-farmingagriculture-fresh-healthy-natur.jpg
4,Background Without Leaves (ಎಲೆಗಳಿಲ್ಲದ ಹಿನ್ನೆಲೆ),ಕೊಟ್ಟಿರುವ ಚಿತ್ರದಲ್ಲಿ ಯಾವುದೇ ಎಲೆ ಇಲ್ಲ,ದಯವಿಟ್ಟು ಎಲೆಯೊಂದಿಗೆ ಚಿತ್ರವನ್ನು ಮರುಲೋಡ್ ಮಾಡಿ,https://cdn.onlinewebfonts.com/svg/img_332817.png
5,Blueberry : Healthy (ಬ್ಲೂಬೆರ್ರಿ: ಆರೋಗ್ಯಕರ),"ಬೆರಿಹಣ್ಣುಗಳು ಕಡಿಮೆ ಕ್ಯಾಲೊರಿಗಳನ್ನು ಹೊಂದಿವೆ ಆದರೆ ಪೋಷಕಾಂಶಗಳಲ್ಲಿ ಹೆಚ್ಚು....
ಬೆರಿಹಣ್ಣುಗಳು ಉತ್ಕರ್ಷಣ ನಿರೋಧಕ ಆಹಾರಗಳ ರಾಜ....
ಬೆರಿಹಣ್ಣುಗಳು ಡಿಎನ್‌ಎ ಹಾನಿಯನ್ನು ಕಡಿಮೆ ಮಾಡುತ್ತದೆ, ಇದು ವಯಸ್ಸಾದ ಮತ್ತು ಕ್ಯಾನ್ಸರ್ ವಿರುದ್ಧ ರಕ್ಷಿಸಲು ಸಹಾಯ ಮಾಡುತ್ತದೆ....
ಬೆರಿಹಣ್ಣುಗಳು ನಿಮ್ಮ ರಕ್ತದಲ್ಲಿನ ಕೊಲೆಸ್ಟ್ರಾಲ್ ಅನ್ನು ಹಾನಿಗೊಳಗಾಗದಂತೆ ರಕ್ಷಿಸುತ್ತವೆ....
ಬೆರಿಹಣ್ಣುಗಳು ರಕ್ತದೊತ್ತಡವನ್ನು ಕಡಿಮೆ ಮಾಡಬಹುದು.","ಪೀಟ್ ಪಾಚಿ, ಪೈನ್ ಸೂಜಿಗಳು ಅಥವಾ ಉತ್ತಮ ವಯಸ್ಸಿನ ಮರದ ಪುಡಿ ಮುಂತಾದ ಆಳವಾದ, ಕಡಿಮೆ ಪಿಹೆಚ್ ಹಸಿಗೊಬ್ಬರವು ನೀರನ್ನು ಸಂರಕ್ಷಿಸುತ್ತದೆ ಮತ್ತು ಮಣ್ಣಿನ ನೀರಿನ ಏರಿಳಿತಗಳನ್ನು ಕಡಿಮೆ ಮಾಡುತ್ತದೆ.ಹಗಲಿನಲ್ಲಿ ನೀರಿನ ಬ್ಲೂಬೆರ್ರಿ ಸಸ್ಯಗಳು.ಮಣ್ಣನ್ನು ತೇವವಾಗಿರಿಸಿಕೊಳ್ಳಿ ಆದರೆ ದುಃಖಕರವಲ್ಲ.ಬೆಳವಣಿಗೆಯ during ತುವಿನಲ್ಲಿ ವಾರಕ್ಕೆ ಕನಿಷ್ಠ 1 ""ಮತ್ತು ಹಣ್ಣಿನ ಮಾಗಿದ ಸಮಯದಲ್ಲಿ ವಾರಕ್ಕೆ 4"" ವರೆಗೆ ಅವರಿಗೆ ನೀಡಿ. ಬ್ಲೂಬೆರ್ರಿ ಆಳವಿಲ್ಲದ ಬೇರೂರಿರುವ ಸಸ್ಯವಾಗಿದೆ.ಆದ್ದರಿಂದ, ಇದಕ್ಕೆ ತೇವಾಂಶವನ್ನು ಹೊಂದಿರುವ ಮಣ್ಣಿನ ಅಗತ್ಯವಿರುತ್ತದೆ, ಆದರೆ ಚೆನ್ನಾಗಿ ಬರಿದಾಗುವುದು ಮತ್ತು ಒದ್ದೆಯಾಗಿರುವುದಿಲ್ಲ.ಭಾರವಾದ, ಮಣ್ಣಿನ ಮಣ್ಣನ್ನು ಹೊಂದಿರುವ ಸೈಟ್‌ಗಳಲ್ಲಿ ಬೆರಿಹಣ್ಣುಗಳನ್ನು ನೆಟ್ ಮಾಡಬೇಡಿ.",https://image.shutterstock.com/image-photo/blueberry-leaf-collection-isolated-on-260nw-308491814.jpg
6,Cherry : Powdery Mildew (ಚೆರ್ರಿ: ಪುಡಿ ಶಿಲೀಂಧ್ರ),"ಮೊದಲ ನೀರಾವರಿ ಪ್ರಾರಂಭವಾದ 7 ರಿಂದ 10 ದಿನಗಳ ನಂತರ ಆಗಾಗ್ಗೆ ಸಂಭವಿಸುವ ಆರಂಭಿಕ ಲಕ್ಷಣಗಳು, ಯುವ, ಒಳಗಾಗುವ ಎಲೆಗಳ ಮೇಲೆ (ಹೊಸದಾಗಿ ತೆರೆದುಕೊಳ್ಳಲ್ಪಟ್ಟ ಮತ್ತು ತಿಳಿ ಹಸಿರು ವಿಸ್ತರಿಸುವ ಎಲೆಗಳ ಮೇಲೆ ಬೆಳಕು ಸರಿಸುಮಾರು-ವೃತ್ತಾಕಾರದ, ಪುಡಿ ಕಾಣುವ ತೇಪೆಗಳಾಗಿರುತ್ತವೆ.ಹಳೆಯ ಎಲೆಗಳು ಪುಡಿ ಶಿಲೀಂಧ್ರಕ್ಕೆ ವಯಸ್ಸಿಗೆ ಸಂಬಂಧಿಸಿದ (ಒಂಟೊಜೆನಿಕ್) ಪ್ರತಿರೋಧವನ್ನು ಅಭಿವೃದ್ಧಿಪಡಿಸುತ್ತವೆ ಮತ್ತು ಕಿರಿಯ ಎಲೆಗಳಿಗಿಂತ ಸ್ವಾಭಾವಿಕವಾಗಿ ಸೋಂಕಿಗೆ ಹೆಚ್ಚು ನಿರೋಧಕವಾಗಿರುತ್ತವೆ.ಮೂಲ ಸಕ್ಕರ್, ಮೇಲಾವರಣದ ಒಳಭಾಗ ಅಥವಾ ಆರ್ದ್ರತೆ ಹೆಚ್ಚಿರುವ ಮರದ ಕ್ರೋಚ್ ಮೇಲೆ ಆರಂಭಿಕ ಎಲೆಗಳ ಸೋಂಕುಗಳನ್ನು ನೋಡಿ.ಇತರ ಶಿಲೀಂಧ್ರಗಳಿಗೆ ವ್ಯತಿರಿಕ್ತವಾಗಿ, ಪುಡಿ ಶಿಲೀಂಧ್ರಗಳಿಗೆ ಮೊಳಕೆಯೊಡೆಯಲು ಉಚಿತ ನೀರು ಅಗತ್ಯವಿಲ್ಲ ಆದರೆ ಮೊಳಕೆಯೊಡೆಯುವಿಕೆ ಮತ್ತು ಶಿಲೀಂಧ್ರಗಳ ಬೆಳವಣಿಗೆಯು ಹೆಚ್ಚಿನ ಆರ್ದ್ರತೆಯಿಂದ ಒಲವು ತೋರುತ್ತದೆ.ಈ ರೋಗವು ಎಲೆಗಳ ಕೆಳಭಾಗದಲ್ಲಿ (ಅಬಾಕ್ಸಿಯಲ್) ಪ್ರಾರಂಭಿಸುವ ಸಾಧ್ಯತೆಯಿದೆ ಆದರೆ ನಂತರದ ಹಂತಗಳಲ್ಲಿ ಎರಡೂ ಬದಿಗಳಲ್ಲಿ ಸಂಭವಿಸುತ್ತದೆ.Season ತುವಿನ ಮುಂದುವರೆದಂತೆ ಮತ್ತು ಸೋಂಕು ಗಾಳಿಯಿಂದ ಹರಡುತ್ತಿದ್ದಂತೆ, ಎಲೆಗಳು ವಿರೂಪಗೊಳ್ಳಬಹುದು, ಮೇಲಕ್ಕೆ ಸುರುಳಿಯಾಗಿರಬಹುದು.ತೀವ್ರವಾದ ಸೋಂಕುಗಳು ಎಲೆಗಳನ್ನು ಪಕರ್ ಮತ್ತು ಟ್ವಿಸ್ಟ್ ಮಾಡಲು ಕಾರಣವಾಗಬಹುದು.ಹೊಸ ಚಿಗುರುಗಳಲ್ಲಿ ಹೊಸದಾಗಿ ಅಭಿವೃದ್ಧಿಪಡಿಸಿದ ಎಲೆಗಳು ಹಂತಹಂತವಾಗಿ ಚಿಕ್ಕದಾಗುತ್ತವೆ, ಹೆಚ್ಚಾಗಿ ಮಸುಕಾಗಿರುತ್ತವೆ ಮತ್ತು ವಿರೂಪಗೊಳ್ಳಬಹುದು.","ಕತ್ತರಿಸುವ ಅಂಚುಗಳನ್ನು ಸೋಂಕುರಹಿತಗೊಳಿಸಿ, ನಂತರ ಸಸ್ಯದ ರೋಗಪೀಡಿತ ಭಾಗಗಳನ್ನು ತಕ್ಷಣವೇ ಕತ್ತರಿಸಿ ಮತ್ತು ತ್ಯಜಿಸಿ.ಅದೇ ಸಮಯದಲ್ಲಿ, ಹಣ್ಣಿನ ಮರದ ಮೇಲೆ ಉಳಿದ ಎಲೆಗಳನ್ನು ರಕ್ಷಿಸಲು ಶಿಲೀಂಧ್ರನಾಶಕಗಳನ್ನು ಅನ್ವಯಿಸಿ.ಇಡೀ .ತುವಿನಲ್ಲಿ ಮರಗಳನ್ನು ರಕ್ಷಿಸಲು ಲೇಬಲ್ ಸೂಚನೆಗಳ ಪ್ರಕಾರ ನೀವು ಶಿಲೀಂಧ್ರನಾಶಕ ಅನ್ವಯಿಕೆಗಳನ್ನು ಪುನರಾವರ್ತಿಸಬೇಕಾಗುತ್ತದೆ.",http://treefruit.wsu.edu/wp-content/uploads/2017/05/Fig1.png
7,Cherry : Healthy (ಚೆರ್ರಿ: ಆರೋಗ್ಯಕರ),"ಹುಳಿ ಮತ್ತು ಸಿಹಿ ಚೆರ್ರಿಗಳ ನಡುವಿನ ಆರೈಕೆಯಲ್ಲಿ ಯಾವುದೇ ವ್ಯತ್ಯಾಸವಿಲ್ಲ.
ತೇವಾಂಶವನ್ನು ಉಳಿಸಿಕೊಳ್ಳಲು ಹಸಿಗೊಬ್ಬರವನ್ನು ಅನ್ವಯಿಸಿ.
ಪಕ್ಷಿಗಳಿಂದ ಹಣ್ಣನ್ನು ರಕ್ಷಿಸಲು ಮರಗಳ ಮೇಲೆ ನೆಟಿಂಗ್ ಅನ್ನು ಬೀಳಿಸಿ.
ಒಣ ಪ್ರದೇಶಗಳಲ್ಲಿ ವಾಡಿಕೆಯಂತೆ ನೀರು.
ಚೆರ್ರಿ ಮರಗಳಿಗೆ ಹಣ್ಣನ್ನು ತೆಳುವಾಗಿಸುವುದು ಅನಿವಾರ್ಯವಲ್ಲ, ಏಕೆಂದರೆ ಅವು ಸಾಮಾನ್ಯವಾಗಿ ಬೇಸಿಗೆಯ ಆರಂಭದಲ್ಲಿ ನೈಸರ್ಗಿಕವಾಗಿ ತೆಳ್ಳಗಿರುತ್ತವೆ.","ಪೋಷಕಾಂಶಗಳಿಂದ ತುಂಬಿರುತ್ತದೆ.
ಉತ್ಕರ್ಷಣ ನಿರೋಧಕಗಳು ಮತ್ತು ಉರಿಯೂತದ ಸಂಯುಕ್ತಗಳಲ್ಲಿ ಸಮೃದ್ಧವಾಗಿದೆ.
ವ್ಯಾಯಾಮ ಚೇತರಿಕೆ ಹೆಚ್ಚಿಸಬಹುದು.
ಹೃದಯ ಆರೋಗ್ಯಕ್ಕೆ ಪ್ರಯೋಜನವಾಗಬಹುದು.
ಸಂಧಿವಾತ ಮತ್ತು ಗೌಟ್ನ ಲಕ್ಷಣಗಳನ್ನು ಸುಧಾರಿಸಬಹುದು.
ನಿದ್ರೆಯ ಗುಣಮಟ್ಟವನ್ನು ಸುಧಾರಿಸಬಹುದು.
ನಿಮ್ಮ ಆಹಾರಕ್ರಮಕ್ಕೆ ಸೇರಿಸಲು ಸುಲಭ.",https://previews.123rf.com/images/annafrby/annafrby1907/annafrby190700078/127086189-cherry-on-branch-with-green-leaf-healthy-food-fresh-fruit-two-ripe-berries-of-a-cherry-on-a-branch-l.jpg
8,Corn : Cercospora Leaf Spot | Gray Leaf Spot (ಕಾರ್ನ್: ಸೆರ್ಕೋಸ್ಪೊರಾ ಲೀಫ್ ಸ್ಪಾಟ್ |ಬೂದು ಎಲೆ ತಾಣ),"ಸೆರ್ಕೋಸ್ಪೊರಾ ಜೀ-ಮೇಡಿಸ್‌ನಿಂದ ಉಂಟಾಗುವ ಜೋಳದ ಮೇಲೆ ಬೂದು ಬಣ್ಣದ ಎಲೆ ತಾಣವು ಯುನೈಟೆಡ್ ಸ್ಟೇಟ್ಸ್‌ನಲ್ಲಿ ಒಂದು ಪೆರಿನಿಯಲ್ ಮತ್ತು ಆರ್ಥಿಕವಾಗಿ ಹಾನಿಕಾರಕ ಕಾಯಿಲೆಯಾಗಿದೆ.1990 ರ ದಶಕದ ಮಧ್ಯಭಾಗದಿಂದ, ಇಂಡಿಯಾನಾದಲ್ಲಿ ಈ ರೋಗವು ಪ್ರಾಮುಖ್ಯತೆಯನ್ನು ಹೆಚ್ಚಿಸಿದೆ, ಮತ್ತು ಈಗ ರಾಜ್ಯದ ಜೋಳದ ಪ್ರಮುಖ ಎಲೆಗಳ ಕಾಯಿಲೆಗಳಲ್ಲಿ ಒಂದಾಗಿದೆ. ಗ್ರೇ ಲೀಫ್ ಸ್ಪಾಟ್ ಕಾಯಿಲೆ ಪಿಕ್ರಿಕ್ಯುಲರಿಯಾ ಗ್ರಿಸಿಯಾ ಎಂಬ ಶಿಲೀಂಧ್ರದಿಂದ ಉಂಟಾಗುತ್ತದೆ, ಇದನ್ನು ಮ್ಯಾಗ್ನಾಪೋರ್ತ್ ಗ್ರಿಸಿಯಾ ಎಂದೂ ಕರೆಯುತ್ತಾರೆ.ಫ್ಲೋರಿಡಾದಲ್ಲಿ ಸಾಮಾನ್ಯವಾಗಿ ಕಂಡುಬರುವ ಆಗಾಗ್ಗೆ ಬೆಚ್ಚಗಿನ ಮಳೆಯ ಅವಧಿಗಳು ಈ ಶಿಲೀಂಧ್ರ ರೋಗಕ್ಕೆ ಅನುಕೂಲಕರ ಪರಿಸ್ಥಿತಿಗಳನ್ನು ಸೃಷ್ಟಿಸುತ್ತವೆ.ಈ ಶಿಲೀಂಧ್ರವು ಬೆಳೆಯುತ್ತದೆ, ಥಿನ್ಸ್ ಸ್ಥಾಪಿತ ಸ್ಟ್ಯಾಂಡ್‌ಗಳು ಮತ್ತು ಸೇಂಟ್ ನ ದೊಡ್ಡ ಪ್ರದೇಶಗಳನ್ನು ಕೊಲ್ಲಬಹುದು.","ಆಳವಾಗಿ ನೀರಾವರಿ, ಆದರೆ ವಿರಳವಾಗಿ.
ರೋಗವು ಸಕ್ರಿಯವಾಗಿರುವಾಗ ಹುಲ್ಲುಹಾಸಿನ ಮೇಲೆ ಹೊರಹೊಮ್ಮುವ ನಂತರದ ಕಳೆ ಕೊಲೆಗಾರರನ್ನು ಬಳಸುವುದನ್ನು ತಪ್ಪಿಸಿ.
ಮಧ್ಯಮದಿಂದ ಹೆಚ್ಚಿನ ಸಾರಜನಕ ಗೊಬ್ಬರ ಮಟ್ಟವನ್ನು ತಪ್ಪಿಸಿ.
ಹುಲ್ಲುಹಾಸಿನ ಮೇಲೆ ಗಾಳಿಯ ಪರಿಚಲನೆ ಮತ್ತು ಬೆಳಕಿನ ಮಟ್ಟವನ್ನು ಸುಧಾರಿಸಿ.
ಸರಿಯಾದ ಎತ್ತರದಲ್ಲಿ ಮೊವ್ ಮಾಡಿ ಮತ್ತು ಹುಲ್ಲು ಒಣಗಿದಾಗ ಮಾತ್ರ ಮೊವ್ ಮಾಡಿ.",https://upload.wikimedia.org/wikipedia/commons/thumb/1/12/Gray_leaf_spot_Cercospora_zeae-maydis_5465607.png/330px-Gray_leaf_spot_Cercospora_zeae-maydis_5465607.png
9,Corn : Common Rust (ಕಾರ್ನ್: ಸಾಮಾನ್ಯ ತುಕ್ಕು),"ಬೆಳವಣಿಗೆಯ throughout ತುವಿನ ಉದ್ದಕ್ಕೂ ಕೆಲವು ತುಕ್ಕು ಪೊಸ್ಟಲ್‌ಗಳನ್ನು ಯಾವಾಗಲೂ ಜೋಳದ ಕ್ಷೇತ್ರಗಳಲ್ಲಿ ಕಾಣಬಹುದಾದರೂ, ರೋಗಲಕ್ಷಣಗಳು ಸಾಮಾನ್ಯವಾಗಿ ಟಾಸ್ಸೆಲಿಂಗ್ ನಂತರ ಕಾಣಿಸುವುದಿಲ್ಲ.ಜೋಳದ ಎಲೆಗಳ ಮೇಲಿನ ಮತ್ತು ಕೆಳಗಿನ ಎರಡೂ ಮೇಲ್ಮೈಗಳ ಮೇಲೆ ಹರಡಿರುವ ಗಾ dark ವಾದ, ಕೆಂಪು-ಕಂದು ಬಣ್ಣದ ಪಸ್ಟಲ್ (ಯುರೆಡಿನಿಯಾ) ಬೆಳವಣಿಗೆಯಿಂದ ಇವುಗಳನ್ನು ಸುಲಭವಾಗಿ ಗುರುತಿಸಬಹುದು ಮತ್ತು ಇತರ ಕಾಯಿಲೆಗಳಿಂದ ಗುರುತಿಸಬಹುದು.ಈ ಪಸ್ಟಲ್‌ಗಳು ಸಸ್ಯದ ಮೇಲಿನ ಯಾವುದೇ ನೆಲದ ಭಾಗದಲ್ಲಿ ಕಾಣಿಸಿಕೊಳ್ಳಬಹುದು, ಆದರೆ ಎಲೆಗಳ ಮೇಲೆ ಹೆಚ್ಚು ಹೇರಳವಾಗಿರುತ್ತವೆ.ಪಸ್ಟಲ್ಗಳು ಆಕಾರದಲ್ಲಿ ಉದ್ದವಾಗಲು ಅಂಡಾಕಾರವಾಗಿ ಗೋಚರಿಸುತ್ತವೆ, ಸಾಮಾನ್ಯವಾಗಿ ಚಿಕ್ಕದಾಗಿರುತ್ತವೆ, 1/4 ಇಂಚು ಉದ್ದಕ್ಕಿಂತ ಕಡಿಮೆ, ಮತ್ತು ಎಲೆ ಎಪಿಡರ್ಮಲ್ ಪದರದಿಂದ ಆವೃತವಾಗಿವೆ, ಅಲ್ಲಿ ಅದು ಮುರಿದುಹೋಗಿದೆ.","ಜೋಳದ ತುಕ್ಕು ಸಂಭವವನ್ನು ಕಡಿಮೆ ಮಾಡಲು, ಶಿಲೀಂಧ್ರಕ್ಕೆ ಪ್ರತಿರೋಧವನ್ನು ಹೊಂದಿರುವ ಜೋಳವನ್ನು ಮಾತ್ರ ನೆಡಬೇಕು.ಪ್ರತಿರೋಧವು ಜನಾಂಗ-ನಿರ್ದಿಷ್ಟ ಪ್ರತಿರೋಧ ಅಥವಾ ಭಾಗಶಃ ತುಕ್ಕು ಪ್ರತಿರೋಧದ ರೂಪದಲ್ಲಿರುತ್ತದೆ.ಎರಡೂ ಸಂದರ್ಭಗಳಲ್ಲಿ, ಯಾವುದೇ ಸಿಹಿ ಕಾರ್ನ್ ಸಂಪೂರ್ಣವಾಗಿ ನಿರೋಧಕವಲ್ಲ.ಜೋಳವು ಸೋಂಕಿನ ಲಕ್ಷಣಗಳನ್ನು ತೋರಿಸಲು ಪ್ರಾರಂಭಿಸಿದರೆ, ತಕ್ಷಣ ಶಿಲೀಂಧ್ರನಾಶಕದಿಂದ ಸಿಂಪಡಿಸಿ.",https://ohioline.osu.edu/sites/ohioline/files/imce/Plant_Pathology/PLNTPTH-CER-02_Figure_1.png
10,Corn : Northern Leaf Blight (ಕಾರ್ನ್: ಉತ್ತರ ಎಲೆ ರೋಗ),"ಉತ್ತರ ಕಾರ್ನ್ ಎಲೆ ರೋಗ (ಎನ್‌ಸಿಎಲ್‌ಬಿ) ಶಿಲೀಂಧ್ರ ಸೆಟಾಸ್ಫೇರಿಯಾ ಟರ್ಸಿಕಾದಿಂದ ಉಂಟಾಗುತ್ತದೆ.ರೋಗಲಕ್ಷಣಗಳು ಸಾಮಾನ್ಯವಾಗಿ ಕೆಳಗಿನ ಎಲೆಗಳ ಮೇಲೆ ಮೊದಲು ಕಾಣಿಸಿಕೊಳ್ಳುತ್ತವೆ.ಎಲೆಗಳ ಗಾಯಗಳು ಉದ್ದವಾಗಿರುತ್ತವೆ (1 ರಿಂದ 6 ಇಂಚುಗಳು) ಮತ್ತು ಎಲಿಪ್ಟಿಕಲ್, ಬೂದು-ಹಸಿರು ಮೊದಲಿಗೆ ಆದರೆ ನಂತರ ಮಸುಕಾದ ಬೂದು ಅಥವಾ ಕಂದು ಬಣ್ಣಕ್ಕೆ ತಿರುಗುತ್ತವೆ.ತೇವಾಂಶದ ಪರಿಸ್ಥಿತಿಗಳಲ್ಲಿ, ಗಾ gray ಬೂದು ಬೀಜಕಗಳನ್ನು ಉತ್ಪಾದಿಸಲಾಗುತ್ತದೆ, ಸಾಮಾನ್ಯವಾಗಿ ಕೆಳ ಎಲೆಗಳ ಮೇಲ್ಮೈಯಲ್ಲಿ, ಇದು ಗಾಯಗಳಿಗೆ ""ಕೊಳಕು"" ಬೂದು ನೋಟವನ್ನು ನೀಡುತ್ತದೆ.ತೀವ್ರವಾಗಿ ಹೊಳೆಯುವ ಸಸ್ಯಗಳ ಮೇಲಿನ ಸಂಪೂರ್ಣ ಎಲೆಗಳು ಸಾಯಬಹುದು, ಆದ್ದರಿಂದ ವೈಯಕ್ತಿಕ ಗಾಯಗಳು ಗೋಚರಿಸುವುದಿಲ್ಲ.ಕಿವಿಗಳ ಹೊರಗಿನ ಹೊಟ್ಟು ಮೇಲೆ ಗಾಯಗಳು ಸಂಭವಿಸಬಹುದು, ಆದರೆ ಕರ್ನಲ್‌ಗಳು ಸೋಂಕಿಗೆ ಒಳಗಾಗುವುದಿಲ್ಲ.ಶಿಲೀಂಧ್ರಕ್ಕೆ ಪ್ರತಿರೋಧಕ್ಕಾಗಿ ಎಚ್‌ಟಿ ಜೀನ್ ಹೊಂದಿರುವ ಹೈಬ್ರಿಡ್‌ಗಳ ಮೇಲೆ, ಗಾಯಗಳು ಚಿಕ್ಕದಾಗಿರುತ್ತವೆ, ಕ್ಲೋರೋಟಿಕ್ ಮತ್ತು ರೇಖೀಯ ಗೆರೆಗಳಾಗಿ ಬೆಳೆಯಬಹುದು.ಈ ಗಾಯಗಳು ವಿರಳವಾಗಿ ಬೀಜಕಗಳನ್ನು ಉತ್ಪಾದಿಸುತ್ತವೆ.","ಶಿಲೀಂಧ್ರನಾಶಕ ಅನ್ವಯಿಕೆಗಳು ಉತ್ತರ ಕಾರ್ನ್ ಎಲೆ ರೋಗದ ಹಾನಿ ಮತ್ತು ಸಂರಕ್ಷಿತ ಇಳುವರಿಯನ್ನು ಕಡಿಮೆ ಮಾಡಿತು.ಒಳಗಾಗುವ ಜೋಳದ ಮಿಶ್ರತಳಿಗಳಲ್ಲಿ ಇಳುವರಿಯನ್ನು ಕಡಿಮೆ ಮಾಡುವಲ್ಲಿ ಶಿಲೀಂಧ್ರನಾಶಕ ಮೌಲ್ಯವು ಹೆಚ್ಚಾಗಿದೆ.ಶಿಲೀಂಧ್ರಗಳು ರೋಗದ ಪ್ರಾರಂಭದಲ್ಲಿ ಅನ್ವಯಿಸಿದರೆ ಅವುಗಳನ್ನು ಹೆಚ್ಚು ಪರಿಣಾಮಕಾರಿಯಾಗಿತ್ತು.ರೋಗದ ಆಕ್ರಮಣವು ಬೆಳವಣಿಗೆಯ ಹಂತಗಳಲ್ಲಿ ಬದಲಾಗುತ್ತದೆ, ಮತ್ತು ಆದ್ದರಿಂದ ಶಿಲೀಂಧ್ರನಾಶಕಗಳನ್ನು ಅನ್ವಯಿಸುವ ಅತ್ಯುತ್ತಮ ಹಂತ.",https://crop-protection-network.s3.amazonaws.com/articles/NLB-Daren-Mueller-02.jpg
11,Corn : Healthy (ಕಾರ್ನ್: ಆರೋಗ್ಯಕರ),"ಕಾರ್ನ್ ಸಸ್ಯಗಳು ರಾತ್ರಿಯ ಸಮಯದಲ್ಲಿ 75 ರಿಂದ 80 ಡಿಗ್ರಿ ಎಫ್ ಮತ್ತು 65 ರಿಂದ 70 ಡಿಗ್ರಿ ಎಫ್ ಹಗಲಿನ ತಾಪಮಾನವನ್ನು ಆದ್ಯತೆ ನೀಡುತ್ತವೆ.ಮಣ್ಣನ್ನು ಸ್ಥಿರವಾಗಿ ತೇವವಾಗಿರಿಸಿಕೊಳ್ಳಬೇಕು, ಆದರೆ ದುಃಖಕರವಾಗಿರಬಾರದು ಮತ್ತು ಪ್ರತಿ 6 ತಿಂಗಳಿಗೊಮ್ಮೆ ಅವರಿಗೆ ಗೊಬ್ಬರ ಅಗತ್ಯವಿರುತ್ತದೆ.ಡ್ರಾಕೇನಾ ಕಡಿಮೆ ಬೆಳಕಿನ ಪರಿಸ್ಥಿತಿಗಳನ್ನು ತೆಗೆದುಕೊಳ್ಳಬಹುದಾದರೂ, ಪ್ರಕಾಶಮಾನವಾದ ಆದರೆ ಪರೋಕ್ಷ ಬೆಳಕಿನಲ್ಲಿ ಇರಿಸಿದಾಗ ಅವು ಉತ್ತಮವಾಗಿ ಕಾರ್ಯನಿರ್ವಹಿಸುತ್ತವೆ. ಒಂದು ಸಸ್ಯವು ಕೆಲವು ಹಳದಿ ಎಲೆಗಳನ್ನು ಉತ್ಪಾದಿಸುವುದು ಸಹಜ, ಅದರ ಬಗ್ಗೆ ಆತಂಕಕ್ಕೊಳಗಾಗಲು ಏನೂ ಇಲ್ಲ. ಆದಾಗ್ಯೂ, ಅದು ಬಹಳಷ್ಟು ಹಳದಿ ಎಲೆಗಳನ್ನು ಒಂದೇ ಬಾರಿಗೆ ಉತ್ಪಾದಿಸಿದರೆ, ಐದು ಅಥವಾ ಆರು ಎಂದು ಹೇಳಿ, ನೀವು ಹೆಚ್ಚು ನೀರುಣಿಸುತ್ತಿರಬಹುದು ಅಥವಾ ಸಸ್ಯವು ಬೆಳಕಿನ ಕೊರತೆಯಿಂದ ಬಳಲುತ್ತಿರಬಹುದು.","ಕಾರ್ನ್ ಹಲವಾರು ಆರೋಗ್ಯ ಪ್ರಯೋಜನಗಳನ್ನು ಹೊಂದಿದೆ.ಹೆಚ್ಚಿನ ಫೈಬರ್ ಅಂಶದಿಂದಾಗಿ, ಇದು ಜೀರ್ಣಕ್ರಿಯೆಗೆ ಸಹಾಯ ಮಾಡುತ್ತದೆ.ಇದು ಅಮೂಲ್ಯವಾದ ಬಿ ಜೀವಸತ್ವಗಳನ್ನು ಸಹ ಒಳಗೊಂಡಿದೆ, ಇದು ನಿಮ್ಮ ಒಟ್ಟಾರೆ ಆರೋಗ್ಯಕ್ಕೆ ಮುಖ್ಯವಾಗಿದೆ.ಕಾರ್ನ್ ನಮ್ಮ ದೇಹಕ್ಕೆ ಸತು, ಮೆಗ್ನೀಸಿಯಮ್, ತಾಮ್ರ, ಕಬ್ಬಿಣ ಮತ್ತು ಮ್ಯಾಂಗನೀಸ್ ನಂತಹ ಅಗತ್ಯ ಖನಿಜಗಳನ್ನು ಒದಗಿಸುತ್ತದೆ.",https://c8.alamy.com/comp/A85TR2/young-healthy-green-leaves-of-corn-maize-plant-in-pretty-unfolding-A85TR2.jpg
12,Grape : Black Rot (ದ್ರಾಕ್ಷಿ: ಕಪ್ಪು ಕೊಳೆತ),"ದ್ರಾಕ್ಷಿ ಕಪ್ಪು ಕೊಳೆತವು ಆಸ್ಕೊಮೈಸೆಟಸ್ ಶಿಲೀಂಧ್ರದಿಂದ ಉಂಟಾಗುವ ಶಿಲೀಂಧ್ರ ಕಾಯಿಲೆಯಾಗಿದ್ದು, ಗಿಗ್ನಾರ್ಡಿಯಾ ಬಿಡ್ವೆಲಿ, ಇದು ಬಿಸಿ ಮತ್ತು ಆರ್ದ್ರ ವಾತಾವರಣದ ಸಮಯದಲ್ಲಿ ದ್ರಾಕ್ಷಿ ಬಳ್ಳಿಗಳ ಮೇಲೆ ದಾಳಿ ಮಾಡುತ್ತದೆ.""ದ್ರಾಕ್ಷಿ ಕಪ್ಪು ಕೊಳೆತವು ಪೂರ್ವ ಉತ್ತರ ಅಮೆರಿಕಾದಲ್ಲಿ ಹುಟ್ಟಿಕೊಂಡಿತು, ಆದರೆ ಈಗ ಯುರೋಪ್, ದಕ್ಷಿಣ ಅಮೆರಿಕಾ ಮತ್ತು ಏಷ್ಯಾದ ಭಾಗಗಳಲ್ಲಿ ಕಂಡುಬರುತ್ತದೆ.ಇದು ಬೆಚ್ಚಗಿನ, ಆರ್ದ್ರ ವಾತಾವರಣದಲ್ಲಿ ಸಂಪೂರ್ಣ ಬೆಳೆ ನಷ್ಟವನ್ನು ಉಂಟುಮಾಡಬಹುದು, ಆದರೆ ಶುಷ್ಕ ಬೇಸಿಗೆಗಳನ್ನು ಹೊಂದಿರುವ ಪ್ರದೇಶಗಳಲ್ಲಿ ವಾಸ್ತವಿಕವಾಗಿ ತಿಳಿದಿಲ್ಲ. ”ಎಲೆಗಳ ಮೇಲೆ ಕಂದು ಬಣ್ಣದ ತೇಪೆಗಳನ್ನು ಬೆಳೆಯುವ ಗಡಿರೇಖೆಯ ಕಪ್ಪು ಅಂಚಿನಿಂದ ಹೆಸರು ಬಂದಿದೆ.ಈ ರೋಗವು ಸಸ್ಯದ ಇತರ ಭಾಗಗಳಾದ “ಬಳ್ಳಿಯ ಎಲ್ಲಾ ಹಸಿರು ಭಾಗಗಳು: ಚಿಗುರುಗಳು, ಎಲೆ ಮತ್ತು ಹಣ್ಣಿನ ಕಾಂಡಗಳು, ಟೆಂಡ್ರೈಲ್‌ಗಳು ಮತ್ತು ಹಣ್ಣು.ಹಣ್ಣಿಗೆ ಹೆಚ್ಚು ಹಾನಿಕಾರಕ ಪರಿಣಾಮ ”",ಮಾನ್ಕೋಜೆಬ್ ಬೋನಿಡ್ ಮ್ಯಾಂಕೋಜೆಬ್ ಹರಿಯುವ ಶಿಲೀಂಧ್ರನಾಶಕ ಎಂದು ಲಭ್ಯವಿದೆ.ಇದು 37% ಮ್ಯಾಂಕೊಜೆಬ್ ಅನ್ನು ಹೊಂದಿರುತ್ತದೆ ಮತ್ತು ಕಪ್ಪು ಕೊಳೆತವನ್ನು ನಿಯಂತ್ರಿಸಲು ಬಹಳ ಪರಿಣಾಮಕಾರಿಯಾಗಿರಬೇಕು.ಇಮ್ಯುನಾಕ್ಸ್ ಶಿಲೀಂಧ್ರನಾಶಕದಲ್ಲಿ ನೋವಾ (ಮೈಕ್ಲೋಬ್ಯುಟನಿಲ್) ಲಭ್ಯವಿದೆ.ಇದು 1.55 % ಮೈಕ್ಲೋಬ್ಯುಟಾನಿಲ್ ಮತ್ತು ಕಪ್ಪು ಕೊಳೆತವನ್ನು ನಿಯಂತ್ರಿಸಲು ಪರಿಣಾಮಕಾರಿಯಾಗಿರಬೇಕು.,https://upload.wikimedia.org/wikipedia/commons/thumb/c/cb/Guignardia_bidwellii_08.jpg/330px-Guignardia_bidwellii_08.jpg
13,Grape : Esca | Black Measles (ದ್ರಾಕ್ಷಿ: ಎಸ್ಕಾ |ಕಪ್ಪು ದಡಾರ),"ದ್ರಾಕ್ಷಿಯ ದಡಾರವನ್ನು ಇಎಸ್ಸಿಎ, ಕಪ್ಪು ದಡಾರ ಅಥವಾ ಸ್ಪ್ಯಾನಿಷ್ ದಡಾರ ಎಂದೂ ಕರೆಯುತ್ತಾರೆ, ಇದು ದ್ರಾಕ್ಷಿ ಬೆಳೆಗಾರರನ್ನು ಅದರ ರಹಸ್ಯ ರೋಗಲಕ್ಷಣಗಳೊಂದಿಗೆ ಮತ್ತು ದೀರ್ಘಕಾಲದವರೆಗೆ ಗುರುತಿಸಬಹುದಾದ ಸಾಂದರ್ಭಿಕ ಜೀವಿಗಳ (ಗಳ) ಕೊರತೆಯೊಂದಿಗೆ ದೀರ್ಘಕಾಲ ಪೀಡಿಸಿದೆ.‘ದಡಾರ’ ಎಂಬ ಹೆಸರು ಹಣ್ಣಿನಲ್ಲಿ ಕಂಡುಬರುವ ಬಾಹ್ಯ ತಾಣಗಳನ್ನು ಸೂಚಿಸುತ್ತದೆ (ಚಿತ್ರ 1).Season ತುವಿನಲ್ಲಿ, ತಾಣಗಳು ಚರ್ಮದ ಮೇಲ್ಮೈಯಲ್ಲಿ ಒಗ್ಗೂಡಿಸಬಹುದು, ಹಣ್ಣುಗಳನ್ನು ಕಪ್ಪು ನೋಟದಲ್ಲಿ ಕಾಣಬಹುದು.ಹಣ್ಣಿನ ಸೆಟ್ ಮತ್ತು ಕೊಯ್ಲಿಗೆ ಕೆಲವು ದಿನಗಳ ಮೊದಲು ಯಾವುದೇ ಸಮಯದಲ್ಲಿ ಗುರುತಿಸುವಿಕೆ ಬೆಳೆಯಬಹುದು.ಹಣ್ಣಿನ ಸೆಟ್ನಲ್ಲಿ ಪರಿಣಾಮ ಬೀರುವ ಹಣ್ಣುಗಳು ಪ್ರಬುದ್ಧವಾಗುವುದಿಲ್ಲ ಮತ್ತು ಕುಗ್ಗುತ್ತವೆ ಮತ್ತು ಒಣಗುತ್ತವೆ.ಗುರುತಿಸುವಿಕೆಯ ಜೊತೆಗೆ, season ತುವಿನಲ್ಲಿ ನಂತರ ಪರಿಣಾಮ ಬೀರುವ ಹಣ್ಣುಗಳು ಅಕ್ರಿಡ್ ರುಚಿಯನ್ನು ಹೊಂದಿರುತ್ತವೆ. ಸೋಂಕುಗಳು ವರ್ಷದಿಂದ ವರ್ಷಕ್ಕೆ ತೀವ್ರವಾಗಿದ್ದಾಗ ಲೀಫ್ ರೋಗಲಕ್ಷಣಗಳನ್ನು ‘ಟೈಗರ್ ಸ್ಟ್ರೈಪ್’ ಮಾದರಿಯಿಂದ (ಅಂಜೂರ 2-ಕೆಳಭಾಗದ ಎಲೆ) ನಿರೂಪಿಸಲಾಗುತ್ತದೆ.ಸೌಮ್ಯವಾದ ಸೋಂಕುಗಳು ಎಲೆಗಳ ಲಕ್ಷಣಗಳನ್ನು ಉಂಟುಮಾಡಬಹುದು (ಚಿತ್ರ 2-ಮೇಲಿನ ಎಲೆ) ಇದು ಇತರ ಕಾಯಿಲೆಗಳು ಅಥವಾ ಪೌಷ್ಠಿಕಾಂಶದ ಕೊರತೆಗಳೊಂದಿಗೆ ಗೊಂದಲಕ್ಕೊಳಗಾಗುತ್ತದೆ.ಬಿಳಿ ತಳಿಗಳು ಕ್ಲೋರೋಸಿಸ್ನ ಪ್ರದೇಶಗಳನ್ನು ಪ್ರದರ್ಶಿಸುತ್ತವೆ ಮತ್ತು ನಂತರ ನೆಕ್ರೋಸಿಸ್ ಅನ್ನು ಪ್ರದರ್ಶಿಸುತ್ತವೆ, ಆದರೆ ಕೆಂಪು ತಳಿಗಳನ್ನು ಕೆಂಪು ಪ್ರದೇಶಗಳಿಂದ ನಿರೂಪಿಸಲಾಗುತ್ತದೆ ಮತ್ತು ನಂತರ ನೆಕ್ರೋಸಿಸ್.ವಸಂತಕಾಲದ ಆರಂಭದ ಲಕ್ಷಣಗಳು ಶೂಟ್ ಟಿಪ್ ಡೈಬ್ಯಾಕ್, ಎಲೆ ಬಣ್ಣ ಮತ್ತು ತೀವ್ರ ಪ್ರಕರಣಗಳಲ್ಲಿ ಸಂಪೂರ್ಣ ವಿಪರ್ಣನ.","ಇಲ್ಲಿಯವರೆಗೆ ಈ ರೋಗವನ್ನು ನಿಯಂತ್ರಿಸಲು ಯಾವುದೇ ಪರಿಣಾಮಕಾರಿ ವಿಧಾನವಿಲ್ಲ.ಸೋಂಕಿತ ಹಣ್ಣುಗಳು, ಎಲೆಗಳು ಮತ್ತು ಕಾಂಡವನ್ನು ತೆಗೆದುಹಾಕಿ ಮತ್ತು ಅವುಗಳನ್ನು ನಾಶಮಾಡಿ.ಗಾಯದ ಸೀಲಾಂಟ್ (ಅಕ್ರಿಲಿಕ್ ಬಣ್ಣದಲ್ಲಿ 5% ಬೋರಿಕ್ ಆಮ್ಲ) ಅಥವಾ ಸಾರಭೂತ ತೈಲ ಅಥವಾ ಸೂಕ್ತವಾದ ಶಿಲೀಂಧ್ರನಾಶಕಗಳನ್ನು ಬಳಸಿಕೊಂಡು ಶಿಲೀಂಧ್ರಗಳ ಸೋಂಕನ್ನು ಕಡಿಮೆ ಮಾಡಲು ಕತ್ತರಿಸು ಗಾಯಗಳನ್ನು ರಕ್ಷಿಸಿ.",https://www.researchgate.net/profile/Laura-Mugnai/publication/43161073/figure/fig1/AS:340404659605512@1458170203496/Symptoms-associated-with-esca-of-grapevine-chlorosis-and-necrosis-on-the-leaves-showing_Q320.jpg
14,Grape : Leaf Blight | Isariopsis Leaf Spot (ದ್ರಾಕ್ಷಿ: ಎಲೆ ರೋಗ |ಇಶಾರಿಯೋಪ್ಸಿಸ್ ಎಲೆ ತಾಣ),"ಶಿಲೀಂಧ್ರವು ಒಂದು ಕಡ್ಡಾಯ ರೋಗಕಾರಕವಾಗಿದ್ದು, ಇದು ಬಳ್ಳಿಯ ಎಲ್ಲಾ ಹಸಿರು ಭಾಗಗಳ ಮೇಲೆ ದಾಳಿ ಮಾಡುತ್ತದೆ.
ಈ ರೋಗದ ಲಕ್ಷಣಗಳು ಆಗಾಗ್ಗೆ ಪುಡಿ ಶಿಲೀಂಧ್ರದೊಂದಿಗೆ ಗೊಂದಲಕ್ಕೊಳಗಾಗುತ್ತವೆ.ಸೋಂಕಿತ ಎಲೆಗಳು ಮಸುಕಾದ ಹಳದಿ-ಹಸಿರು ಗಾಯಗಳನ್ನು ಅಭಿವೃದ್ಧಿಪಡಿಸುತ್ತವೆ, ಅದು ಕ್ರಮೇಣ ಕಂದು ಬಣ್ಣಕ್ಕೆ ತಿರುಗುತ್ತದೆ.ತೀವ್ರವಾಗಿ ಸೋಂಕಿತ ಎಲೆಗಳು ಆಗಾಗ್ಗೆ ಅಕಾಲಿಕವಾಗಿ ಬೀಳುತ್ತವೆ. ಆಯ್ಕೆಮಾಡಿದ ತೊಟ್ಟುಗಳು, ಟೆಂಡ್ರೈಲ್‌ಗಳು ಮತ್ತು ಚಿಗುರುಗಳು ಆಗಾಗ್ಗೆ ಸುರುಳಿಯಾಗಿರುತ್ತವೆ, ಕುರುಬನ ವಂಚನೆಯನ್ನು ಅಭಿವೃದ್ಧಿಪಡಿಸುತ್ತವೆ ಮತ್ತು ಅಂತಿಮವಾಗಿ ಕಂದು ಬಣ್ಣಕ್ಕೆ ತಿರುಗಿ ಸಾಯುತ್ತವೆ.
ಎಳೆಯ ಹಣ್ಣುಗಳು ಸೋಂಕಿಗೆ ಹೆಚ್ಚು ಒಳಗಾಗುತ್ತವೆ ಮತ್ತು ಹೆಚ್ಚಾಗಿ ಶಿಲೀಂಧ್ರದ ಬಿಳಿ ಫ್ರುಟಿಂಗ್ ರಚನೆಗಳಿಂದ ಮುಚ್ಚಲ್ಪಡುತ್ತವೆ.ಬಿಳಿ ತಳಿಗಳ ಸೋಂಕಿತ ಹಳೆಯ ಹಣ್ಣುಗಳು ಮಂದ ಬೂದು-ಹಸಿರು ಬಣ್ಣಕ್ಕೆ ತಿರುಗಬಹುದು, ಆದರೆ ಕಪ್ಪು ತಳಿಗಳು ಗುಲಾಬಿ ಬಣ್ಣದ ಕೆಂಪು ಬಣ್ಣಕ್ಕೆ ತಿರುಗುತ್ತವೆ.","ಇನಾಕ್ಯುಲಮ್ ಮಟ್ಟವನ್ನು ಕಡಿಮೆ ಮಾಡಲು ಸುಪ್ತ ದ್ರವೌಷಧಗಳನ್ನು ಅನ್ವಯಿಸಿ.
ಅದನ್ನು ಕತ್ತರಿಸಿ.
ಆ ಮೇಲಾವರಣವನ್ನು ತೆರೆಯಿರಿ.
ನಿಮ್ಮ ರಕ್ಷಣೆಯನ್ನು ನಿರಾಸೆಗೊಳಿಸಬೇಡಿ.
ಮುಂಚಿನ ಸ್ಕೌಟ್, ಆಗಾಗ್ಗೆ ಸ್ಕೌಟ್.
ರಕ್ಷಕ ಮತ್ತು ವ್ಯವಸ್ಥಿತ ಶಿಲೀಂಧ್ರನಾಶಕಗಳನ್ನು ಬಳಸಿ.
ಶಿಲೀಂಧ್ರನಾಶಕ ನಿರೋಧಕತೆಯನ್ನು ಪರಿಗಣಿಸಿ.
ಹವಾಮಾನವನ್ನು ವೀಕ್ಷಿಸಿ.",https://www.goodfruit.com/wp-content/uploads/Black-rot-lesions-on-leaves-indicate-potential-for-fruit-infection-1-feat2.jpg
15,Grape : Healthy (ದ್ರಾಕ್ಷಿ: ಆರೋಗ್ಯಕರ),ಮೂಲ ವಲಯಕ್ಕೆ ಮಾತ್ರ ನೀರನ್ನು ಅನ್ವಯಿಸಿ.ದ್ರಾಕ್ಷಿ ಎಲೆಗಳನ್ನು ಒದ್ದೆ ಮಾಡುವುದನ್ನು ತಪ್ಪಿಸಿ ಏಕೆಂದರೆ ಇದು ಅನೇಕ ದ್ರಾಕ್ಷಿ ಕಾಯಿಲೆಗಳನ್ನು ಪ್ರೋತ್ಸಾಹಿಸುತ್ತದೆ.ಚಳಿಗಾಲಕ್ಕೆ ತಯಾರಾಗಲು ಸಸ್ಯವನ್ನು ಗಟ್ಟಿಯಾಗಿಸಲು ಸಸ್ಯವನ್ನು ಪ್ರೋತ್ಸಾಹಿಸಲು ಶರತ್ಕಾಲದಲ್ಲಿ ಯುವ ಬಳ್ಳಿಗಳಿಗೆ ನೀರು ಹಾಕುವುದನ್ನು ಕಡಿಮೆ ಮಾಡಿ.ಹಳೆಯ ಬಳ್ಳಿಗಳಿಗೆ ಮರಳು ಅಥವಾ ಇತರ ಚೆನ್ನಾಗಿ ಬರಿದಾದ ಮಣ್ಣಿನಲ್ಲಿ ಹೊರತು ಯಾವುದೇ ನೀರುಹಾಕುವುದು ಅಗತ್ಯವಾಗಿರುತ್ತದೆ.,"ಪೋಷಕಾಂಶಗಳಿಂದ ತುಂಬಿ, ವಿಶೇಷವಾಗಿ ಜೀವಸತ್ವಗಳು ಸಿ ಮತ್ತು ಕೆ.
ಹೆಚ್ಚಿನ ಉತ್ಕರ್ಷಣ ನಿರೋಧಕ ವಿಷಯಗಳು ದೀರ್ಘಕಾಲದ ಕಾಯಿಲೆಗಳನ್ನು ತಡೆಯಬಹುದು.
ಸಸ್ಯ ಸಂಯುಕ್ತಗಳು ಕೆಲವು ರೀತಿಯ ಕ್ಯಾನ್ಸರ್ಗಳಿಂದ ರಕ್ಷಿಸಬಹುದು.
ಹೃದಯದ ಆರೋಗ್ಯಕ್ಕೆ ವಿವಿಧ ಪ್ರಭಾವಶಾಲಿ ರೀತಿಯಲ್ಲಿ ಪ್ರಯೋಜನಕಾರಿ.
ರಕ್ತದಲ್ಲಿನ ಸಕ್ಕರೆ ಮಟ್ಟವನ್ನು ಕಡಿಮೆ ಮಾಡಬಹುದು ಮತ್ತು ಮಧುಮೇಹದಿಂದ ರಕ್ಷಿಸಬಹುದು.",https://images.indianexpress.com/2021/02/grapes-1200.jpg
16,Orange : Haunglongbing | Citrus Greening (ಕಿತ್ತಳೆ: ಹಾಂಗ್ಲಾಂಗ್‌ಬಿಂಗ್ |ಸಿಟ್ರಸ್ ಹಸಿರೀಕರಣ),"ಸಿಟ್ರಸ್ ಗ್ರೀನಿಂಗ್ ಕಾಯಿಲೆ ವೆಕ್ಟರ್-ಟ್ರಾನ್ಸ್ಮಿಟೆಡ್ ರೋಗಕಾರಕದಿಂದ ಉಂಟಾಗುವ ಸಿಟ್ರಸ್ನ ಕಾಯಿಲೆಯಾಗಿದೆ.ರಕ್ತನಾಳಗಳು ಮತ್ತು ಪಕ್ಕದ ಅಂಗಾಂಶಗಳ ಹಳದಿ ಬಣ್ಣಗಳ ಸಾಮಾನ್ಯ ಲಕ್ಷಣಗಳಿಂದ ಎಚ್‌ಎಲ್‌ಬಿಯನ್ನು ಗುರುತಿಸಲಾಗಿದೆ;ನಂತರ ಇಡೀ ಎಲೆಗಳ ಸ್ಪ್ಲಾಚಿ ಮೊಟ್ಲಿಂಗ್, ಅಕಾಲಿಕ ವಿಪರ್ಣನ, ಕೊಂಬೆಗಳ ಡೈಬ್ಯಾಕ್, ಫೀಡರ್ ರೂಟ್‌ಲೆಟ್‌ಗಳ ಕೊಳೆತ ಮತ್ತು ಪಾರ್ಶ್ವದ ಬೇರುಗಳು, ಮತ್ತು ಹುರುಪಿನ ಕುಸಿತ, ಅಂತಿಮವಾಗಿ ಇಡೀ ಸಸ್ಯದ ಸಾವಿನ ನಂತರ.ಬಾಧಿತ ಮರಗಳು ಬೆಳವಣಿಗೆಯನ್ನು ಕುಂಠಿತಗೊಳಿಸಿವೆ, ಬಹು ಆಫ್-ಸೀಸನ್ ಹೂವುಗಳನ್ನು ಹೊಂದಿವೆ (ಅವುಗಳಲ್ಲಿ ಹೆಚ್ಚಿನವು ಬರುತ್ತವೆ), ಮತ್ತು ಸಣ್ಣ, ಅನಿಯಮಿತವಾಗಿ ಆಕಾರದ ಹಣ್ಣುಗಳನ್ನು ದಪ್ಪವಾದ, ಮಸುಕಾದ ಸಿಪ್ಪೆಯೊಂದಿಗೆ ಉತ್ಪಾದಿಸುತ್ತವೆ, ಅದು ಕೆಳಭಾಗದಲ್ಲಿ ಹಸಿರು ಬಣ್ಣದ್ದಾಗಿರುತ್ತದೆ ಮತ್ತು ತುಂಬಾ ಕಹಿಯಾಗಿರುತ್ತದೆ.ಸಾಮಾನ್ಯ ರೋಗಲಕ್ಷಣಗಳನ್ನು ಪೋಷಕಾಂಶಗಳ ಕೊರತೆಗಳ ಬಗ್ಗೆ ಹೆಚ್ಚಾಗಿ ತಪ್ಪಾಗಿ ಗ್ರಹಿಸಬಹುದು;ಆದಾಗ್ಯೂ, ಪೋಷಕಾಂಶಗಳ ಕೊರತೆಗಳ ನಡುವಿನ ವಿಶಿಷ್ಟ ಅಂಶವೆಂದರೆ ಸಮ್ಮಿತಿಯ ಮಾದರಿಯಾಗಿದೆ.ಪೌಷ್ಟಿಕಾಂಶದ ಕೊರತೆಗಳು ಎಲೆಗಳ ರಕ್ತನಾಳದ ಅಂಚಿನಲ್ಲಿ ಸಮ್ಮಿತೀಯವಾಗಿರುತ್ತವೆ, ಆದರೆ ಎಚ್‌ಎಲ್‌ಬಿ ರಕ್ತನಾಳದ ಸುತ್ತಲೂ ಅಸಮಪಾರ್ಶ್ವದ ಹಳದಿ ಬಣ್ಣವನ್ನು ಹೊಂದಿರುತ್ತದೆ.ಎಚ್‌ಎಲ್‌ಬಿಯ ಅತ್ಯಂತ ಗಮನಾರ್ಹ ಲಕ್ಷಣವೆಂದರೆ ಹಣ್ಣನ್ನು ಹಸಿರೀಕರಣ ಮತ್ತು ಕುಂಠಿತಗೊಳಿಸುವುದು, ವಿಶೇಷವಾಗಿ ಮಾಗಿದ ನಂತರ","ಸಿಟ್ರಸ್ ಹಸಿರೀಕರಣ ಕಾಯಿಲೆಯ ಹರಡುವಿಕೆಯನ್ನು ತಡೆಗಟ್ಟುವ ಏಕೈಕ ಮಾರ್ಗವೆಂದರೆ ಎಸಿಪಿ (ಏಷ್ಯನ್ ಸಿಟ್ರಸ್ ಸೈಲಿಡ್) ಅನ್ನು ನಿಯಂತ್ರಿಸುವುದು.ಸಿಟ್ರಸ್ ಅಂತಹ ಜನಪ್ರಿಯ ಮತ್ತು ವ್ಯಾಪಕವಾಗಿ ನೆಲೆಸಿರುವ ಉದ್ಯಾನ ಮರವಾಗಿರುವುದರಿಂದ, ಮನೆಮಾಲೀಕರು ಈ ಪ್ರಮುಖ ಯುದ್ಧದ ಮುಂಚೂಣಿಯಲ್ಲಿದ್ದಾರೆ. ನಿಂಬೆ ಮರವನ್ನು ಬೇವಿನ ಎಣ್ಣೆ ಕೀಟನಾಶಕದಿಂದ ವಿವರಿಸಿ, ಎಲೆಗಳ ಮೇಲಿನ ಮತ್ತು ಕೆಳಭಾಗ.ಮುತ್ತಿಕೊಳ್ಳುವಿಕೆಯ ವ್ಯಾಪ್ತಿಯನ್ನು ಅವಲಂಬಿಸಿ ನೀವು 10-14 ದಿನಗಳಲ್ಲಿ ಪುನರಾವರ್ತಿಸಬೇಕಾಗಬಹುದು.ಅಚ್ಚು ಬೆಳವಣಿಗೆಯನ್ನು ದ್ರವ ತಾಮ್ರದ ಶಿಲೀಂಧ್ರನಾಶಕದೊಂದಿಗೆ ಚಿಕಿತ್ಸೆ ನೀಡುವ ಮೂಲಕ ಅನುಸರಿಸಿ.",https://www.universityofcalifornia.edu/sites/default/files/CitrusGreening.jpg
17,Peach : Bacterial Spot (ಪೀಚ್: ಬ್ಯಾಕ್ಟೀರಿಯಾದ ತಾಣ),"ಬ್ಯಾಕ್ಟೀರಿಯಾದ ಸ್ಥಳವು ಕ್ಸಾಂಥೊಮೊನಾಸ್ ಕ್ಯಾಂಪೆಸ್ಟ್ರಿಸ್ ಪಿವಿಯಿಂದ ಉಂಟಾಗುವ ಪೀಚ್, ನೆಕ್ಟರಿನ್ಗಳು, ಏಪ್ರಿಕಾಟ್ ಮತ್ತು ಪ್ಲಮ್‌ಗಳ ಒಂದು ಪ್ರಮುಖ ಕಾಯಿಲೆಯಾಗಿದೆ.ಪ್ರುನಿ.ಈ ರೋಗದ ಲಕ್ಷಣಗಳು ಹಣ್ಣಿನ ತಾಣಗಳು, ಎಲೆ ತಾಣಗಳು ಮತ್ತು ರೆಂಬೆ ಕ್ಯಾನ್‌ಕರ್‌ಗಳು ಸೇರಿವೆ.ಹಣ್ಣಿನ ಲಕ್ಷಣಗಳು ಪಿಟಿಂಗ್, ಕ್ರ್ಯಾಕಿಂಗ್, ಗುಮ್ಮಿಂಗ್ ಮತ್ತು ವಾಟರ್‌ಸೋಕ್ಡ್ ಅಂಗಾಂಶಗಳನ್ನು ಒಳಗೊಂಡಿವೆ, ಇದು ಹಣ್ಣನ್ನು ಕಂದು ಕೊಳೆತ, ರೈಜೋಪಸ್ ಮತ್ತು ಇತರ ಶಿಲೀಂಧ್ರಗಳ ಸೋಂಕುಗಳಿಗೆ ಹೆಚ್ಚು ಒಳಗಾಗುತ್ತದೆ.ತೀವ್ರವಾದ ಎಲೆ ತಾಣದ ಸೋಂಕುಗಳು ಆರಂಭಿಕ ವಿಪರ್ಣನಕ್ಕೆ ಕಾರಣವಾಗಬಹುದು.ತೀವ್ರವಾದ ವಿರೂಪಗೊಳಿಸುವಿಕೆಯು ಹಣ್ಣಿನ ಗಾತ್ರವನ್ನು ಕಡಿಮೆ ಮಾಡುತ್ತದೆ, ಮತ್ತು ಬಿಸಿಲು ಮತ್ತು ಹಣ್ಣಿನ ಬಿರುಕು ಉಂಟಾಗುತ್ತದೆ.ಮುಂಚಿನ ಡಿಫೋಲಿಯೇಟೆಡ್ ಮರಗಳು ಹುರುಪಿನ ಮತ್ತು ಚಳಿಗಾಲದ ಗಡಸುತನದಲ್ಲಿ ಕಡಿಮೆಯಾಗುತ್ತವೆ.","ಬ್ಯಾಕ್ಟೀರಿಯಾದ ಸ್ಥಳದ ಹಣ್ಣಿನ ಲಕ್ಷಣಗಳು ಪೀಚ್ ಸ್ಕ್ಯಾಬ್‌ನೊಂದಿಗೆ ಗೊಂದಲಕ್ಕೊಳಗಾಗಬಹುದು, ಇದು ಶಿಲೀಂಧ್ರ ಕ್ಲಾಡೋಸ್ಪೋರಿಯಂ ಕಾರ್ಪೋಫಿಲಿಯಂನಿಂದ ಉಂಟಾಗುತ್ತದೆ, ಆದರೆ ಸ್ಕ್ಯಾಬ್ ತಾಣಗಳು ಹೆಚ್ಚು ವೃತ್ತಾಕಾರವಾಗಿದ್ದು, ಗಾ brown ಕಂದು/ಹಸಿರು, ಅಸ್ಪಷ್ಟ ನೋಟವನ್ನು ಹೊಂದಿರುತ್ತವೆ ಮತ್ತು ಹಣ್ಣಿನ ಮೇಲ್ಮೈಯನ್ನು ಹಾಕುವುದಿಲ್ಲ, ಆದರೂ ಚರ್ಮದ ಬಿರುಕು ಸಂಭವಿಸಬಹುದು.ಸ್ಕ್ಯಾಬ್ ಎಲೆಯ ಲಕ್ಷಣಗಳಿಗೆ ಕಾರಣವಾಗುವುದಿಲ್ಲ ಆದರೆ ಕೊಂಬೆಗಳ ಮೇಲೆ ಕಲೆಗಳಿಗೆ ಕಾರಣವಾಗಬಹುದು.ಬ್ಯಾಕ್ಟೀರಿಯಾದ ಸ್ಥಳದ ಆರಂಭಿಕ ಹಣ್ಣಿನ ತಾಣಗಳು ಮೇಲ್ನೋಟಕ್ಕೆ ಇರಬಹುದು ಆದರೆ ಕುಳಿಗಳಾಗಿ ಬೆಳೆಯಬಹುದು.",https://www.gardeningknowhow.com/wp-content/uploads/2016/07/bacterial-spot-peach.jpg
18,Peach : Healthy (ಪೀಚ್: ಆರೋಗ್ಯಕರ),"ಪೀಚ್ ಮರಗಳು ಯುಎಸ್‌ಡಿಎ ವಲಯಗಳಲ್ಲಿ 5 ರಿಂದ 8 ಅಥವಾ 9 ರಲ್ಲಿ ಬೆಳೆಯುತ್ತವೆ, ಮತ್ತು ಅವು ಕುಬ್ಜ ಅಥವಾ ಪ್ರಮಾಣಿತ ಗಾತ್ರಗಳಲ್ಲಿ ಲಭ್ಯವಿರುತ್ತವೆ, ಇದು ಹಿತ್ತಲಿನಲ್ಲಿದ್ದ ತೋಟಗಳಿಗೆ ಉತ್ತಮ ಆಯ್ಕೆಯಾಗಿದೆ. ಹೆಚ್ಚಿನ ಆಭರಣಗಳಲ್ಲದಿದ್ದರೂ, ಪೀಚ್ ಮರಗಳಿಗೆ ನಿಯಮಿತವಾಗಿ ಸಮರುವಿಕೆಯನ್ನು, ಫಲವತ್ತಾಗಿಸುವುದು ಮತ್ತು ಆರೋಗ್ಯಕರ ಮತ್ತು ಉತ್ಪಾದಕವಾಗಿರಲು ಸಿಂಪಡಿಸುವುದು ಅಗತ್ಯವಾಗಿರುತ್ತದೆ.ನೀರು ಮತ್ತು ಪೋಷಕಾಂಶಗಳಿಗಾಗಿ ಸ್ಪರ್ಧಿಸುವ ಹುಲ್ಲು ಮತ್ತು ಕಳೆಗಳಿಂದ ನಿಮ್ಮ ಮರದ ಸುತ್ತಲೂ ನೆಲವನ್ನು ಸ್ಪಷ್ಟವಾಗಿ ಇರಿಸಿ ಮತ್ತು ಉದಾರವಾಗಿ ಹಸಿಗೊಬ್ಬರವನ್ನು ಇರಿಸಿ.","ಪೋಷಕಾಂಶಗಳು ಮತ್ತು ಉತ್ಕರ್ಷಣ ನಿರೋಧಕಗಳಿಂದ ತುಂಬಿರುತ್ತದೆ.
ಜೀರ್ಣಕ್ರಿಯೆಗೆ ಸಹಾಯ ಮಾಡಬಹುದು.
ಹೃದಯ ಆರೋಗ್ಯವನ್ನು ಸುಧಾರಿಸಬಹುದು.
ನಿಮ್ಮ ಚರ್ಮವನ್ನು ರಕ್ಷಿಸಬಹುದು.
ಕೆಲವು ರೀತಿಯ ಕ್ಯಾನ್ಸರ್ ಅನ್ನು ತಡೆಯಬಹುದು.
ಅಲರ್ಜಿ ರೋಗಲಕ್ಷಣಗಳನ್ನು ಕಡಿಮೆ ಮಾಡಬಹುದು.
ವ್ಯಾಪಕವಾಗಿ ಲಭ್ಯವಿದೆ ಮತ್ತು ನಿಮ್ಮ ಆಹಾರಕ್ರಮಕ್ಕೆ ಸೇರಿಸಲು ಸುಲಭ.",https://www.tasteofhome.com/wp-content/uploads/2019/06/peaches-shutterstock_297863489-1.jpg
19,Pepper bell : Bacterial Spot (ಪೆಪ್ಪರ್ ಬೆಲ್: ಬ್ಯಾಕ್ಟೀರಿಯಾದ ತಾಣ),"ಹಳೆಯ ಎಲೆಗಳ ಕೆಳಗಿನ ಮೇಲ್ಮೈಯಲ್ಲಿ ಸಣ್ಣ, ಗುಳ್ಳೆಗಳು ಮತ್ತು ಮೇಲಿನ ಎಲೆಗಳ ಮೇಲ್ಮೈಯಲ್ಲಿ ಸಣ್ಣ ನೀರು-ನೆನೆಸಿದ ತಾಣಗಳಾಗಿ ಕಂಡುಬರುವ ಎಲೆ ತಾಣಗಳು ಬ್ಯಾಕ್ಟೀರಿಯಾದ ತಾಣದ ಲಕ್ಷಣವಾಗಿದೆ.ಇದು ಮೇರಿಲ್ಯಾಂಡ್‌ನ ಪ್ರಮುಖ ಮೆಣಸು ಕಾಯಿಲೆಯಾಗಿದೆ.ಇದು ಸಾಂದರ್ಭಿಕವಾಗಿ ಟೊಮೆಟೊಗಳ ಮೇಲೆ ದಾಳಿ ಮಾಡುತ್ತದೆ.ಅಂತಿಮವಾಗಿ, ತಾಣಗಳು ಗಾ er ವಾದ ಗಡಿಗಳೊಂದಿಗೆ ಕಂದು ಕೇಂದ್ರಗಳಿಗೆ ಬೂದು ಬಣ್ಣವನ್ನು ಅಭಿವೃದ್ಧಿಪಡಿಸುತ್ತವೆ.ಬೆಚ್ಚಗಿನ, ಆರ್ದ್ರ ವಾತಾವರಣದ ಸಮಯದಲ್ಲಿ ಗಾಯಗಳು ವಿಸ್ತರಿಸುತ್ತವೆ.ಎಲೆಗಳು ನಂತರ ಹಳದಿ ಬಣ್ಣಕ್ಕೆ ತಿರುಗಬಹುದು, ನಂತರ ಕಂದು ಮತ್ತು ಇಳಿಯಬಹುದು.ಕಾಂಡಗಳಲ್ಲೂ ಗಾಯಗಳು ಬೆಳೆಯಬಹುದು.ಹಣ್ಣುಗಳು ಸಣ್ಣ, ಬೆಳೆದ ಒರಟು ತಾಣಗಳನ್ನು ಅಭಿವೃದ್ಧಿಪಡಿಸುತ್ತವೆ, ಅದು ತಿನ್ನುವ ಗುಣಮಟ್ಟದ ಮೇಲೆ ಪರಿಣಾಮ ಬೀರುವುದಿಲ್ಲ.ತೀವ್ರವಾಗಿ ಸೋಂಕಿತ ಎಲೆಗಳು ಇಳಿಯುತ್ತವೆ, ಇದರ ಪರಿಣಾಮವಾಗಿ ಮೆಣಸು ಸನ್‌ಸ್ಕಾಲ್ಡ್ ಆಗುತ್ತದೆ.ಬ್ಯಾಕ್ಟೀರಿಯಾದ ಎಲೆಗಳ ತಾಣವು ಮಳೆ ಚೆಲ್ಲುವ ಮೂಲಕ ಮತ್ತು ಆರ್ದ್ರ, ಸೋಂಕಿತ ಸಸ್ಯಗಳೊಂದಿಗೆ ಕೆಲಸ ಮಾಡುವ ಮೂಲಕ ಹರಡುತ್ತದೆ.ಈ ರೋಗವು ಆರ್ದ್ರ ವಾತಾವರಣದ ಸಮಯದಲ್ಲಿ ಸಸ್ಯಗಳನ್ನು ವಿರೂಪಗೊಳಿಸಬಹುದು.ಬಿಸಿ, ಶುಷ್ಕ ಹವಾಮಾನವು ಈ ರೋಗದ ಹರಡುವಿಕೆಯನ್ನು ನಿಧಾನಗೊಳಿಸುತ್ತದೆ.ಈ ರೋಗವು ಬೀಜ ಅಥವಾ ಕಸಿ ಮೇಲೆ ಬರಬಹುದು ಮತ್ತು ಬೆಳೆ ಶೇಷ ಮತ್ತು ಮಣ್ಣಿನಲ್ಲಿ ಅತಿಕ್ರಮಿಸಬಹುದು.","ನಿರೋಧಕ ಪ್ರಭೇದಗಳನ್ನು ಆಯ್ಕೆಮಾಡಿ
ರೋಗ ಮುಕ್ತ ಬೀಜ ಮತ್ತು ಕಸಿ ಖರೀದಿಸಿ.
ಬೀಜಗಳನ್ನು 10% ಕ್ಲೋರಿನ್ ಬ್ಲೀಚ್ ದ್ರಾವಣದಲ್ಲಿ 2 ನಿಮಿಷಗಳ ಕಾಲ ನೆನೆಸುವ ಮೂಲಕ ಚಿಕಿತ್ಸೆ ನೀಡಿ (1 ಭಾಗ ಬ್ಲೀಚ್; 9 ಭಾಗಗಳ ನೀರು).ಬೀಜಗಳನ್ನು ಸಂಪೂರ್ಣವಾಗಿ ತೊಳೆದು ನೆಡುವ ಮೊದಲು ಒಣಗಿಸಿ.
ಒಣಹುಲ್ಲಿನ ಅಥವಾ ಹುಲ್ಲಿನ ತುಣುಕುಗಳಿಂದ ಮುಚ್ಚಿದ ಪತ್ರಿಕೆಯಂತಹ ದಪ್ಪ ಸಾವಯವ ವಸ್ತುಗಳಿಂದ ಹಸಿಗೊಬ್ಬರ ಸಸ್ಯಗಳು ಆಳವಾಗಿ.
ಓವರ್ಹೆಡ್ ನೀರುಹಾಕುವುದನ್ನು ತಪ್ಪಿಸಿ.
The ತುವಿನ ಕೊನೆಯಲ್ಲಿ ಕೆಟ್ಟದಾಗಿ ಸೋಂಕಿತ ಸಸ್ಯ ಭಾಗಗಳು ಮತ್ತು ಎಲ್ಲಾ ಭಗ್ನಾವಶೇಷಗಳನ್ನು ತೆಗೆದುಹಾಕಿ ಮತ್ತು ತ್ಯಜಿಸಿ.
ಸೋಂಕಿನ ಹರಡುವಿಕೆಯನ್ನು ನಿಧಾನಗೊಳಿಸಲು ಸ್ಥಿರ ತಾಮ್ರದೊಂದಿಗೆ (ಸಾವಯವ ಶಿಲೀಂಧ್ರನಾಶಕ) ಪ್ರತಿ 10-14 ದಿನಗಳಿಗೊಮ್ಮೆ ಸಿಂಪಡಿಸಿ.
ಸೋಂಕುಗಳು ತೀವ್ರವಾಗಿದ್ದರೆ ಮೆಣಸುಗಳನ್ನು ಬೇರೆ ಸ್ಥಳಕ್ಕೆ ತಿರುಗಿಸಿ ಮತ್ತು ನೆಡುವ ಮೊದಲು ಕಪ್ಪು ಪ್ಲಾಸ್ಟಿಕ್ ಹಸಿಗೊಬ್ಬರ ಅಥವಾ ಕಪ್ಪು ಭೂದೃಶ್ಯ ಬಟ್ಟೆಯಿಂದ ಮಣ್ಣನ್ನು ಮುಚ್ಚಿ.",https://extension.umd.edu/sites/default/files/_images/programs/grow_it_eat_it/diseases/BacterialLeafSpot/bacterial_leaf_spot_pepper_plant_l.jpg
20,Pepper bell : Healthy (ಪೆಪ್ಪರ್ ಬೆಲ್: ಆರೋಗ್ಯಕರ),"ಬೆಲ್ ಪೆಪರ್ ಅನ್ನು ಚೆನ್ನಾಗಿ ನೀರಿರುವಂತೆ ಇರಿಸಿ, ಆದರೆ ಎಂದಿಗೂ ಮಣ್ಣಿನ ಸೋಗಿ ಬಿಡಬೇಡಿ.ಸುಮಾರು 6 ಇಂಚು ಆಳದಲ್ಲಿ ಮಣ್ಣನ್ನು ತೇವಗೊಳಿಸಿ, ನಂತರ ಅದನ್ನು ಸ್ವಲ್ಪ ಒಣಗಲು ಬಿಡಿ.ಹಣ್ಣಿನ ಸೆಟ್ ಸಮಯದಲ್ಲಿ, ಸಣ್ಣ ಮೆಣಸುಗಳು ಹೂವುಗಳ ಸ್ಥಾನವನ್ನು ಪಡೆದಾಗ ಮತ್ತು ಘಂಟೆಗಳು ಪ್ರಬುದ್ಧವಾಗುತ್ತಿದ್ದಂತೆ ನೀರುಹಾಕುವುದು ಮುಖ್ಯವಾಗಿದೆ.ಸ್ಥಿರವಾದ ತೇವಾಂಶವು ಮೆಣಸುಗಳನ್ನು ದೃ firm ವಾಗಿ ಮತ್ತು ಆರೋಗ್ಯವಾಗಿಡಲು ಸಹಾಯ ಮಾಡುತ್ತದೆ.","ಕೆಂಪು, ಕಿತ್ತಳೆ ಮತ್ತು ಹಳದಿ ಬೆಲ್ ಪೆಪರ್ ಉತ್ತಮ ಆರೋಗ್ಯ ಪ್ರಯೋಜನಗಳಿಂದ ತುಂಬಿದೆ -ಅವು ಜೀವಸತ್ವಗಳಿಂದ ತುಂಬಿರುತ್ತವೆ ಮತ್ತು ಕಡಿಮೆ ಕ್ಯಾಲೊರಿಗಳನ್ನು ಹೊಂದಿವೆ!ಅವು ವಿಟಮಿನ್ ಎ, ವಿಟಮಿನ್ ಸಿ ಮತ್ತು ಪೊಟ್ಯಾಸಿಯಮ್‌ನ ಅತ್ಯುತ್ತಮ ಮೂಲವಾಗಿದೆ.ಬೆಲ್ ಪೆಪರ್ ಫೈಬರ್, ಫೋಲೇಟ್ ಮತ್ತು ಕಬ್ಬಿಣದ ಆರೋಗ್ಯಕರ ಪ್ರಮಾಣವನ್ನು ಸಹ ಹೊಂದಿರುತ್ತದೆ.",https://www.healthbenefitstimes.com/9/gallery/bell-peppers/Bell-pepper-leaves.jpg
21,Potato : Early Blight (ಆಲೂಗಡ್ಡೆ: ಆರಂಭಿಕ ರೋಗ),"ಹೆಚ್ಚಿನ ಉತ್ಪಾದನಾ ಪ್ರದೇಶಗಳಲ್ಲಿ, ಆರಂಭಿಕ ರೋಗವು ವಾರ್ಷಿಕವಾಗಿ ಸ್ವಲ್ಪ ಮಟ್ಟಿಗೆ ಸಂಭವಿಸುತ್ತದೆ.ಆರಂಭಿಕ ರೋಗದ ತೀವ್ರತೆಯು ಮಳೆ, ಇಬ್ಬನಿ ಅಥವಾ ನೀರಾವರಿಯಿಂದ ಎಲೆಗಳ ತೇವದ ಆವರ್ತನದ ಮೇಲೆ ಅವಲಂಬಿತವಾಗಿರುತ್ತದೆ;ಎಲೆಗಳ ಪೌಷ್ಠಿಕಾಂಶದ ಸ್ಥಿತಿ;ಮತ್ತು ತಳಿ ಸಂವೇದನೆ. ಆರಂಭಿಕ ರೋಗದ ಮೊದಲ ಲಕ್ಷಣಗಳು ಸಣ್ಣ, ವೃತ್ತಾಕಾರದ ಅಥವಾ ಅನಿಯಮಿತ, ಹಳೆಯ (ಕೆಳಗಿನ) ಎಲೆಗಳ ಮೇಲೆ ಕಪ್ಪು ಕಲೆಗಳಂತೆ ಗಾ dark-ಕಂದು ಬಣ್ಣವಾಗಿ ಗೋಚರಿಸುತ್ತವೆ.ಈ ತಾಣಗಳು 3/8 ಇಂಚು ವ್ಯಾಸವನ್ನು ವಿಸ್ತರಿಸುತ್ತವೆ ಮತ್ತು ಕ್ರಮೇಣ ಕೋನೀಯ ಆಕಾರದವಾಗಬಹುದು. ಯುವ, ಸಂಪೂರ್ಣವಾಗಿ ವಿಸ್ತರಿಸಿದ ಎಲೆಗಳ ಮೇಲಿನ ಗಾಯಗಳು ಕಂದು ಬಣ್ಣದ ಸ್ಪಾಟ್ ಗಾಯಗಳೊಂದಿಗೆ ಗೊಂದಲಕ್ಕೊಳಗಾಗಬಹುದು.ಈ ಮೊದಲ ಗಾಯಗಳು ಸೋಂಕಿನ ಎರಡು ರಿಂದ ಮೂರು ದಿನಗಳ ನಂತರ ಗೋಚರಿಸುತ್ತವೆ, ಈ ಗಾಯಗಳ ಮೇಲ್ಮೈಯಲ್ಲಿ ಮೂರರಿಂದ ಐದು ದಿನಗಳ ನಂತರ ಸಂಭವಿಸುತ್ತದೆ.",ಆರಂಭಿಕ ರೋಗದ ಚಿಕಿತ್ಸೆಯು ರೋಗಕ್ಕೆ ನಿರೋಧಕವಾದ ಆಲೂಗೆಡ್ಡೆ ಪ್ರಭೇದಗಳನ್ನು ನೆಡುವುದರ ಮೂಲಕ ತಡೆಗಟ್ಟುವಿಕೆಯನ್ನು ಒಳಗೊಂಡಿದೆ;ಆರಂಭಿಕ ಪಕ್ವಗೊಳಿಸುವ ಪ್ರಭೇದಗಳಿಗಿಂತ ತಡವಾಗಿ ಪಕ್ವವಾಗುವುದು ಹೆಚ್ಚು ನಿರೋಧಕವಾಗಿದೆ.ಓವರ್ಹೆಡ್ ನೀರಾವರಿಯನ್ನು ತಪ್ಪಿಸಿ ಮತ್ತು ಸಸ್ಯಗಳ ನಡುವೆ ಸಾಕಷ್ಟು ಗಾಳಿಯಾಡುವಿಕೆಯನ್ನು ಅನುಮತಿಸಿ ಎಲೆಗಳು ಸಾಧ್ಯವಾದಷ್ಟು ಬೇಗ ಒಣಗಲು ಅನುವು ಮಾಡಿಕೊಡುತ್ತದೆ.,https://www.ag.ndsu.edu/publications/crops/early-blight-in-potato/figure-1-opt.jpeg/@@images/468990cc-77a9-4e29-8779-0eb3e94e0407.jpeg
22,Potato : Late Blight (ಆಲೂಗಡ್ಡೆ: ತಡವಾಗಿ ರೋಗ),"ಪ್ರಾಥಮಿಕ ಆತಿಥೇಯರು ಆಲೂಗಡ್ಡೆ, ಆದರೆ ಪಿ. ಇನ್ಫೆಸ್ಟನ್ನರು ಟೊಮೆಟೊ, ಪೆಟೂನಿಯಾಸ್ ಮತ್ತು ಕೂದಲುಳ್ಳ ನೈಟ್‌ಶೇಡ್ ಸೇರಿದಂತೆ ಇತರ ಸೋಲಾನಿಯಸ್ ಸಸ್ಯಗಳಿಗೆ ಸೋಂಕು ತಗುಲಿಸಬಹುದು, ಇದು ಆಲೂಗಡ್ಡೆಯಿಂದ ಇನಾಕ್ಯುಲಮ್‌ನ ಮೂಲವಾಗಿ ಕಾರ್ಯನಿರ್ವಹಿಸುತ್ತದೆ. ಕ್ಷೇತ್ರದಲ್ಲಿ ತಡವಾದ ರೋಗದ ಮೊದಲ ಲಕ್ಷಣಗಳು ಸಣ್ಣ, ಬೆಳಕು ಮತ್ತು ಗಾ dark ಹಸಿರು, ವೃತ್ತಾಕಾರದಿಂದ ಅನಿಯಮಿತ-ಆಕಾರದ ನೀರು-ನೆಲೆಸಿರುವ ಸ್ಥಳಗಳು.ಈ ಗಾಯಗಳು ಸಾಮಾನ್ಯವಾಗಿ ಕೆಳಗಿನ ಎಲೆಗಳ ಮೇಲೆ ಮೊದಲು ಕಾಣಿಸಿಕೊಳ್ಳುತ್ತವೆ.ಎಲೆಗಳು ಹೆಚ್ಚಾಗಿ ಎಲೆಗಳ ಸುಳಿವುಗಳು ಅಥವಾ ಅಂಚುಗಳ ಬಳಿ ಬೆಳೆಯಲು ಪ್ರಾರಂಭಿಸುತ್ತವೆ, ಅಲ್ಲಿ ಇಬ್ಬನಿಯನ್ನು ಉದ್ದವಾಗಿ ಉಳಿಸಿಕೊಳ್ಳಲಾಗುತ್ತದೆ. ತಂಪಾದ, ತೇವಾಂಶವುಳ್ಳ ಹವಾಮಾನವನ್ನು ಹೊಂದಿರುವ ಈ ಗಾಯಗಳು ದೊಡ್ಡ, ಗಾ dark ಕಂದು ಅಥವಾ ಕಪ್ಪು ಗಾಯಗಳಾಗಿ ವೇಗವಾಗಿ ವಿಸ್ತರಿಸುತ್ತವೆ, ಆಗಾಗ್ಗೆ ಜಿಡ್ಡಿನಂತೆ ಕಾಣಿಸಿಕೊಳ್ಳುತ್ತವೆ.ಎಲೆಗಳ ಗಾಯಗಳು ಆಗಾಗ್ಗೆ ಹಳದಿ ಕ್ಲೋರೋಟಿಕ್ ಹಾಲೋನಿಂದ ಆವೃತವಾಗಿವೆ","ತೀವ್ರವಾದ ತಡವಾದ ರೋಗವನ್ನು 0.25% ಕ್ಕೆ ಮ್ಯಾಂಕೋಜೆಬ್‌ನ ರೋಗನಿರೋಧಕ ಸಿಂಪಡಣೆಯೊಂದಿಗೆ ಪರಿಣಾಮಕಾರಿಯಾಗಿ ನಿರ್ವಹಿಸಬಹುದು, ನಂತರ ಸೈಮೋಕ್ಸಾನಿಲ್+ಮ್ಯಾಂಕೋಜೆಬ್ ಅಥವಾ ಡೈಮೆಥೊಮಾರ್ಫ್+ಮ್ಯಾಂಕೋಜೆಬ್ ರೋಗದ ಆಕ್ರಮಣದಲ್ಲಿ 0.3% ಮತ್ತು 0.25% ರಷ್ಟು 0.25% ರಷ್ಟು ಸ್ಪ್ರೇ ಅನ್ನು 0.25% ರಷ್ಟು ಏಳು ದಿನಗಳ ನಂತರ ಪಶ್ಚಿಮಕ್ಕೆ ಬಾಂಗಲ್ನಲ್ಲಿ ವ್ಯವಸ್ಥಿತ ಫಂಗೈಡ್ಸ್ನಲ್ಲಿ ವ್ಯವಸ್ಥಿತ ಫಂಗೈಡ್ಸ್ ಅನ್ವಯಿಸುತ್ತದೆ.",https://www.ag.ndsu.edu/publications/crops/late-blight-in-potato/figure-2-opt.jpeg/@@images/dfe1e0b4-08d4-404a-8e66-474de72b1e91.jpeg
23,Potato : Healthy (ಆಲೂಗಡ್ಡೆ: ಆರೋಗ್ಯಕರ),"ಅನೇಕ ಆಲೂಗಡ್ಡೆಗೆ ಅಭಿವೃದ್ಧಿ ಹೊಂದಲು ಸ್ಥಿರವಾದ ತೇವಾಂಶದ ಮಟ್ಟಗಳು ಬೇಕಾಗುತ್ತವೆ, ಆದ್ದರಿಂದ ಗೆಡ್ಡೆಗಳು ಸ್ಥಾಪಿಸಿದಾಗ ಪ್ರತಿದಿನ ನಿಯಮಿತವಾಗಿ ನೀರು.ನೀವು ಆಲೂಗೆಡ್ಡೆ ಸಸ್ಯಗಳಿಗೆ ನೀರು ಬಂದಾಗ ಅದು ಸುಮಾರು 8-10 ಇಂಚುಗಳಷ್ಟು ನೆಲಮಟ್ಟಕ್ಕೆ ತಲುಪಬೇಕು.ಬಿಸಿ ಅಥವಾ ಬೆಚ್ಚಗಿನ asons ತುಗಳಲ್ಲಿ ಆಲೂಗೆಡ್ಡೆ ಸಸ್ಯಗಳು ದಿನಕ್ಕೆ ಎರಡು ಬಾರಿ ಬೃಹತ್ ಪ್ರಮಾಣದಲ್ಲಿ ಮಣ್ಣು ಬೇಗನೆ ಒಣಗುತ್ತವೆ.","ಪೋಷಕಾಂಶಗಳಿಂದ ತುಂಬಿರುತ್ತದೆ.Pinterest ನಲ್ಲಿ ಹಂಚಿಕೊಳ್ಳಿ.
ಉತ್ಕರ್ಷಣ ನಿರೋಧಕಗಳನ್ನು ಹೊಂದಿರುತ್ತದೆ.ಆಲೂಗಡ್ಡೆ ಫ್ಲೇವನಾಯ್ಡ್ಗಳು, ಕ್ಯಾರೊಟಿನಾಯ್ಡ್ಗಳು ಮತ್ತು ಫೀನಾಲಿಕ್ ಆಮ್ಲಗಳಂತಹ ಸಂಯುಕ್ತಗಳಿಂದ ಸಮೃದ್ಧವಾಗಿದೆ (4).
ರಕ್ತದಲ್ಲಿನ ಸಕ್ಕರೆ ನಿಯಂತ್ರಣವನ್ನು ಸುಧಾರಿಸಬಹುದು.
ಜೀರ್ಣಕಾರಿ ಆರೋಗ್ಯವನ್ನು ಸುಧಾರಿಸಬಹುದು.
ನೈಸರ್ಗಿಕವಾಗಿ ಅಂಟು ರಹಿತ.
ನಂಬಲಾಗದಷ್ಟು ಭರ್ತಿ.
ಅತ್ಯಂತ ಬಹುಮುಖ.",https://www.garden.eco/wp-content/uploads/2018/06/can-you-eat-potato-leaves.jpg
24,Raspberry : Healthy (ರಾಸ್ಪ್ಬೆರಿ: ಆರೋಗ್ಯಕರ),"ಸುಗ್ಗಿಯ ನಂತರ ವಸಂತಕಾಲದಿಂದ ವಾರಕ್ಕೆ ಒಂದು ಇಂಚು ನೀರು.ವಿರಳವಾದ ಆಳವಾದ ನೆನೆಸುವ ಗಿಂತ ನಿಯಮಿತ ನೀರುಹಾಕುವುದು ಉತ್ತಮವಾಗಿದೆ.ಸಾಲುಗಳಿಂದ ಚೆನ್ನಾಗಿ ಬೆಳೆಯುವ ಯಾವುದೇ “ಸಕ್ಕರ್” ಅಥವಾ ಕಬ್ಬನ್ನು ಅಗೆಯುವ ಮೂಲಕ ನಿಮ್ಮ ರಾಸ್ಪ್ಬೆರಿ ಪೊದೆಗಳನ್ನು ಅಚ್ಚುಕಟ್ಟಾಗಿ ಇರಿಸಿ;ನೀವು ಅವುಗಳನ್ನು ಅಗೆಯದಿದ್ದರೆ, ಅವರು ಪೋಷಕಾಂಶಗಳನ್ನು ಸೆಳೆಯುತ್ತಾರೆ ಮತ್ತು ಮುಂದಿನ ವರ್ಷ ನೀವು ಕಡಿಮೆ ಹಣ್ಣುಗಳನ್ನು ಹೊಂದಿರುತ್ತೀರಿ.","ಅವು ಪೊಟ್ಯಾಸಿಯಮ್ ಅನ್ನು ಒದಗಿಸುತ್ತವೆ, ಹೃದಯದ ಕಾರ್ಯಕ್ಕೆ ಅಗತ್ಯವಾಗಿರುತ್ತದೆ ಮತ್ತು ರಕ್ತದೊತ್ತಡವನ್ನು ಕಡಿಮೆ ಮಾಡುತ್ತದೆ ಎಂದು ಸಾಬೀತಾಗಿದೆ.ರಾಸ್್ಬೆರ್ರಿಸ್ನಲ್ಲಿನ ಒಮೆಗಾ -3 ಕೊಬ್ಬಿನಾಮ್ಲಗಳು ಪಾರ್ಶ್ವವಾಯು ಮತ್ತು ಹೃದ್ರೋಗವನ್ನು ತಡೆಯಲು ಸಹಾಯ ಮಾಡುತ್ತದೆ.ಅವುಗಳು ಮ್ಯಾಂಗನೀಸ್ ಎಂಬ ಖನಿಜವನ್ನು ಸಹ ಹೊಂದಿರುತ್ತವೆ, ಇದು ಆರೋಗ್ಯಕರ ಮೂಳೆಗಳು ಮತ್ತು ಚರ್ಮಕ್ಕೆ ಅಗತ್ಯವಾಗಿರುತ್ತದೆ ಮತ್ತು ರಕ್ತದಲ್ಲಿನ ಸಕ್ಕರೆಯನ್ನು ನಿಯಂತ್ರಿಸಲು ಸಹಾಯ ಮಾಡುತ್ತದೆ.",https://www.gardeningknowhow.com/wp-content/uploads/2009/04/raspberry.jpg
25,Soybean : Healthy (ಸೋಯಾಬೀನ್: ಆರೋಗ್ಯಕರ),ಸೋಯಾಬೀನ್ ಮಣ್ಣಿನ ಮೂಲಕ ತಳ್ಳುವವರೆಗೆ ಹಾಸಿಗೆಗಳನ್ನು ಸಮವಾಗಿ ತೇವವಾಗಿ ನೆಡುತ್ತಿರಿ.ಹೂಬಿಡುವ ಮತ್ತು ಪಾಡ್ ರಚನೆಯ ಸಮಯದಲ್ಲಿ ನಿಯಮಿತವಾಗಿ ನೀರು.ಹೂವುಗಳು ಮತ್ತು ಬೀಜಕೋಶಗಳು ಉದುರಿಹೋಗಲು ಕಾರಣವಾಗುವ ಓವರ್ಹೆಡ್ ನೀರುಹಾಕುವುದನ್ನು ತಪ್ಪಿಸಿ.ಮಣ್ಣಿನ ತೇವಾಂಶವನ್ನು ಸಂರಕ್ಷಿಸಲು ಮಣ್ಣು 60 ° F (16 ° C) ಗಿಂತ ಹೆಚ್ಚು ಬೆಚ್ಚಗಾದಾಗ ಹಸಿಗೊಬ್ಬರ.,"ಫೈಬರ್ನಲ್ಲಿ ಹೆಚ್ಚು
ಪ್ರೋಟೀನ್‌ನಲ್ಲಿ ಹೆಚ್ಚು
ಸ್ಯಾಚುರೇಟೆಡ್ ಕೊಬ್ಬಿನಲ್ಲಿ ಕಡಿಮೆ
ಕೊಲೆಸ್ಟ್ರಾಲ್ ಉಚಿತ
ಲ್ಯಾಕ್ಟೋಸ್ ಮುಕ್ತ
ಒಮೆಗಾ -3 ಕೊಬ್ಬಿನಾಮ್ಲಗಳ ಉತ್ತಮ ಮೂಲ
ಉತ್ಕರ್ಷಣ ನಿರೋಧಕಗಳ ಮೂಲ
ಫೈಟೊಸ್ಟ್ರೋಜೆನ್‌ಗಳಲ್ಲಿ ಹೆಚ್ಚು.",https://upload.wikimedia.org/wikipedia/commons/a/ac/Soybean_leaves.jpg
26,Squash : Powdery Mildew (ಸ್ಕ್ವ್ಯಾಷ್: ಪುಡಿ ಶಿಲೀಂಧ್ರ),"ಬಿಳಿ ಪುಡಿ ತಾಣಗಳು ಮೇಲಿನ ಮತ್ತು ಕೆಳಗಿನ ಎಲೆಗಳ ಮೇಲ್ಮೈಗಳಲ್ಲಿ ರೂಪುಗೊಳ್ಳಬಹುದು ಮತ್ತು ತ್ವರಿತವಾಗಿ ದೊಡ್ಡ ಬ್ಲಾಚ್‌ಗಳಾಗಿ ವಿಸ್ತರಿಸಬಹುದು.
ಪುಡಿ ಶಿಲೀಂಧ್ರವು ಸಸ್ಯವನ್ನು ದುರ್ಬಲಗೊಳಿಸುತ್ತದೆ ಮತ್ತು ಹಣ್ಣು ಅಕಾಲಿಕವಾಗಿ ಹಣ್ಣಾಗುತ್ತದೆ.ಸೋಂಕಿತ ಸಸ್ಯಗಳ ಮೇಲೆ ಕಡಿಮೆ ಮತ್ತು ಸಣ್ಣ ಹಣ್ಣು ಬೆಳೆಯುತ್ತದೆ.
ಬೆಚ್ಚಗಿನ, ಶುಷ್ಕ ಪರಿಸ್ಥಿತಿಗಳಲ್ಲಿ, ಹೊಸ ಬೀಜಕಗಳು ರೋಗವನ್ನು ಸುಲಭವಾಗಿ ಹರಡುತ್ತವೆ.
ಪುಡಿ ಶಿಲೀಂಧ್ರದ ಲಕ್ಷಣಗಳು ಮಿನ್ನೇಸೋಟದಲ್ಲಿ ಬೇಸಿಗೆಯ ಕೊನೆಯಲ್ಲಿ ಮೊದಲು ಕಾಣಿಸಿಕೊಳ್ಳುತ್ತವೆ.
ಸರಿಯಾದ ಅಂತರ, ಸಸ್ಯಗಳ ಸ್ಥಿರತೆ ಮತ್ತು ಕಳೆ ನಿಯಂತ್ರಣದ ಮೂಲಕ ಸಸ್ಯಗಳ ಸುತ್ತ ಉತ್ತಮ ಗಾಳಿಯ ಚಲನೆಯನ್ನು ಒದಗಿಸಿ.
ಪುಡಿ ಶಿಲೀಂಧ್ರವು ಈ ಹಿಂದೆ ಇಳುವರಿ ನಷ್ಟಕ್ಕೆ ಕಾರಣವಾದ ಪ್ರದೇಶದಲ್ಲಿ ಒಳಗಾಗುವ ಪ್ರಭೇದಗಳು ಬೆಳೆಯುತ್ತಿದ್ದರೆ, ಶಿಲೀಂಧ್ರನಾಶಕವು ಅಗತ್ಯವಾಗಬಹುದು.","ಒಂದು ಚಮಚ ಅಡಿಗೆ ಸೋಡಾ ಮತ್ತು ಒಂದೂವರೆ ಟೀಸ್ಪೂನ್ ದ್ರವ, ಒಂದು ಗ್ಯಾಲನ್ ನೀರಿನಿಂದ, ಒಂದು ಗ್ಯಾಲನ್ ನೀರಿನಿಂದ ಸೇರಿಸಿ, ಮತ್ತು ಮಿಶ್ರಣವನ್ನು ಸಸ್ಯಗಳ ಮೇಲೆ ಧಾರಾಳವಾಗಿ ಸಿಂಪಡಿಸಿ.ಮೌತ್‌ವಾಶ್.ನಿಮ್ಮ ಬಾಯಿಯಲ್ಲಿರುವ ಸೂಕ್ಷ್ಮಜೀವಿಗಳನ್ನು ಕೊಲ್ಲಲು ನೀವು ಪ್ರತಿದಿನ ಬಳಸಬಹುದಾದ ಮೌತ್‌ವಾಶ್ ಸೂಕ್ಷ್ಮ ಶಿಲೀಂಧ್ರ ಬೀಜಕಗಳನ್ನು ಕೊಲ್ಲುವಲ್ಲಿ ಪರಿಣಾಮಕಾರಿಯಾಗಬಹುದು.",https://extension.umn.edu/sites/extension.umn.edu/files/styles/caption_medium/public/powdery-mildew-2.jpg?itok=Un68av52
27,Strawberry : Leaf Scorch (ಸ್ಟ್ರಾಬೆರಿ: ಲೀಫ್ ಸ್ಕಾರ್ಚ್),"ಲೀಫ್ ಸ್ಕಾರ್ಚ್ ರೋಗಲಕ್ಷಣಗಳು ಸಾಮಾನ್ಯ (ಮೈಕೋಸ್ಫರೆಲ್ಲಾ) ಎಲೆಗಳ ತಾಣದ ಆರಂಭಿಕ ಹಂತಗಳಿಗೆ ಹೋಲುತ್ತವೆ, ಅನಿಯಮಿತ ಗಾ dark ನೇರಳೆ ಕಲೆಗಳು ಮೇಲಿನ ಎಲೆಗಳ ಮೇಲ್ಮೈಯಲ್ಲಿ ಹರಡಿಕೊಂಡಿವೆ.ತಾಣಗಳು ಹಿಗ್ಗುತ್ತಿದ್ದಂತೆ, ಅವು ಟಾರ್‌ನ ಹನಿಗಳಂತೆ ಕಾಣಲು ಪ್ರಾರಂಭಿಸುತ್ತವೆ ಮತ್ತು ವಾಸ್ತವವಾಗಿ ಶಿಲೀಂಧ್ರದ ಕಪ್ಪು ಫ್ರುಟಿಂಗ್ ದೇಹಗಳ (ಅಕರ್ವುಲಿ) ಸಂಗ್ರಹವಾಗುತ್ತವೆ.ತಾಣಗಳ ಕೇಂದ್ರಗಳು ನೇರಳೆ ಬಣ್ಣದಲ್ಲಿ ಉಳಿದಿವೆ (ಮೈಕಾಸ್ಫರೆಲ್ಲಾ ಎಲೆ ತಾಣದಲ್ಲಿ ಅವು ಬಿಳಿಯಾಗಿವೆ) ಮತ್ತು ಉತ್ತಮವಾಗಿ ವ್ಯಾಖ್ಯಾನಿಸಲಾದ ಲೆಸಿಯಾನ್ ಗಡಿ ಇಲ್ಲ.ಭಾರೀ ಸೋಂಕುಗಳಲ್ಲಿ, ಈ ಪ್ರದೇಶಗಳು ಒಗ್ಗೂಡಿಸುತ್ತವೆ ಮತ್ತು ಗಾಯಗಳ ನಡುವಿನ ಅಂಗಾಂಶವು ತಳಿ, ತಾಪಮಾನ ಅಥವಾ ಇತರ ಅಂಶಗಳ ಮೇಲೆ ಅವಲಂಬಿತವಾಗಿರುವ ಪ್ರಕಾಶಮಾನವಾದ ಕೆಂಪು ಬಣ್ಣಕ್ಕೆ ಕೆನ್ನೇರಳೆ ಬಣ್ಣವನ್ನು ತೆಗೆದುಕೊಳ್ಳುತ್ತದೆ.ಎಲೆಗಳು ಅಂತಿಮವಾಗಿ ಕಂದು ಬಣ್ಣಕ್ಕೆ ತಿರುಗುತ್ತವೆ, ಒಣಗುತ್ತವೆ ಮತ್ತು ಅಂಚಿನಲ್ಲಿ ಸುರುಳಿಯಾಗಿ ಎಲೆಗೆ ಸುಟ್ಟುಹೋದ ನೋಟವನ್ನು ನೀಡುತ್ತದೆ.ಅಕರ್ವುಲಿ ಮತ್ತು ಕೋನಿಡಿಯಲ್ ರೂಪವಿಜ್ಞಾನದ ಪರೀಕ್ಷೆಯು ರೋಗದ ಈ ಸುಧಾರಿತ ಹಂತದಲ್ಲಿ ಎಲೆ ತಾಣ ಮತ್ತು ಎಲೆ ಸುಡುವ ನಡುವೆ ವ್ಯತ್ಯಾಸವನ್ನು ಗುರುತಿಸಲು ಸಹಾಯ ಮಾಡುತ್ತದೆ.ಎಲೆಗಳ ಸುಡುವ ಗಾಯಗಳ ಮೇಲಿನ ಎಲೆಗಳ ಮೇಲ್ಮೈಗಳಲ್ಲಿ, ಅಕರ್ವುಲಿ ಹೊಳೆಯುವ ಬೀಜಕ ದ್ರವ್ಯರಾಶಿಗಳು ಮತ್ತು ಗಾ dark ವಾದ ಅಪೊಥೆಸಿಯಾದೊಂದಿಗೆ ಗಾ dark ವಾಗಿರುತ್ತದೆ.ಪೆಟಿಯೋಲ್ ಗಾಯಗಳು ಉದ್ದವಾದವು, ಮುಳುಗುತ್ತವೆ, ಕಂದು ಬಣ್ಣದಿಂದ ಕೆನ್ನೇರಳೆ ಬಣ್ಣದಿಂದ ಕಂದು ಬಣ್ಣದ್ದಾಗಿರುತ್ತವೆ ಮತ್ತು ತೊಟ್ಟುಗಳನ್ನು ಕಸಿದುಕೊಳ್ಳುವ ಮೂಲಕ ಎಲೆಯನ್ನು ಕೊಲ್ಲಬಹುದು.ಓಟಗಾರರು, ಹಣ್ಣಿನ ಕಾಂಡಗಳು, ಹಣ್ಣು ಮತ್ತು ಕ್ಯಾಪ್ಗಳು ಸಹ ಸೋಂಕಿಗೆ ಒಳಗಾಗಬಹುದು.ಸಸ್ಯಗಳು ದುರ್ಬಲಗೊಳ್ಳಬಹುದು ಮತ್ತು ಕಿರೀಟಗಳ ಸಂಖ್ಯೆ ಮತ್ತು ಚೈತನ್ಯವು ಕಡಿಮೆಯಾಗಬಹುದು.ಸೋಂಕು ಸಸ್ಯಗಳನ್ನು ಚಳಿಗಾಲ ಮತ್ತು ಬರ ಒತ್ತಡಕ್ಕೆ ಮುಂದಾಗುತ್ತದೆ.ತೀವ್ರ ಮುತ್ತಿಕೊಳ್ಳುವಿಕೆಯಲ್ಲಿ, ಹೂವುಗಳು ಮತ್ತು ಹಣ್ಣು ಸಾಯಬಹುದು.","ಸ್ಟ್ರಾಬೆರಿ ಸಸ್ಯಗಳ ಮೇಲೆ ಲೀಫ್ ಸ್ಕಾರ್ಚ್ ನಿರಾಶಾದಾಯಕವಾಗಿದ್ದರೂ, ಉದ್ಯಾನದಲ್ಲಿ ಹರಡುವುದನ್ನು ತಡೆಯಲು ಮನೆ ತೋಟಗಾರರು ಬಳಸಬಹುದಾದ ಕೆಲವು ತಂತ್ರಗಳಿವೆ.ಸ್ಟ್ರಾಬೆರಿ ಲೀಫ್ ಸ್ಕಾರ್ಚ್ ನಿಯಂತ್ರಣದ ಪ್ರಾಥಮಿಕ ವಿಧಾನಗಳು ಯಾವಾಗಲೂ ತಡೆಗಟ್ಟುವಿಕೆಯಾಗಿರಬೇಕು.ಈ ಶಿಲೀಂಧ್ರ ರೋಗಕಾರಕವು ಸೋಂಕಿತ ಸಸ್ಯಗಳ ಬಿದ್ದ ಎಲೆಗಳ ಮೇಲೆ ಅತಿಕ್ರಮಿಸುವುದರಿಂದ, ಸರಿಯಾದ ಉದ್ಯಾನ ನೈರ್ಮಲ್ಯವು ಮುಖ್ಯವಾಗಿದೆ.ಇದು ಸ್ಟ್ರಾಬೆರಿ ಪ್ಯಾಚ್‌ನಿಂದ ಸೋಂಕಿತ ಉದ್ಯಾನ ಅವಶೇಷಗಳನ್ನು ತೆಗೆದುಹಾಕುವುದು ಮತ್ತು ಹೊಸ ಸ್ಟ್ರಾಬೆರಿ ಕಸಿ ಮಾಡುವಿಕೆಯನ್ನು ಆಗಾಗ್ಗೆ ಸ್ಥಾಪಿಸುವುದು.ಹೊಸ ನೆಡುವಿಕೆಗಳು ಮತ್ತು ಸ್ಟ್ರಾಬೆರಿ ಪ್ಯಾಚ್‌ಗಳ ರಚನೆಯು ಸ್ಥಿರವಾದ ಸ್ಟ್ರಾಬೆರಿ ಸುಗ್ಗಿಯನ್ನು ಕಾಪಾಡಿಕೊಳ್ಳಲು ಪ್ರಮುಖವಾಗಿದೆ, ಏಕೆಂದರೆ ಹಳೆಯ ಸಸ್ಯಗಳು ತೀವ್ರ ಸೋಂಕಿನ ಲಕ್ಷಣಗಳನ್ನು ತೋರಿಸುವ ಸಾಧ್ಯತೆಯಿದೆ.",https://content.ces.ncsu.edu/media/images/17531_IMG_2126.JPG
28,Strawberry : Healthy (ಸ್ಟ್ರಾಬೆರಿ: ಆರೋಗ್ಯಕರ),"ಅವರು ಪ್ರೀತಿಸುವ ಮತ್ತು ಸಾಕಷ್ಟು ಬೆಳಕು ಬೇಕಾಗಿರುವುದರಿಂದ ಅವರಿಗೆ ಬಿಸಿಲಿನ ತಾಣವನ್ನು ಕಂಡುಕೊಳ್ಳಿ.ಅವರು ಬೆಳಿಗ್ಗೆ ಸೂರ್ಯನನ್ನು ಸ್ವೀಕರಿಸುವ ಸ್ಥಳವನ್ನು ನಾನು ಬಯಸುತ್ತೇನೆ.
ನೀವು ಅವುಗಳನ್ನು ಮಡಕೆಗಳು ಮತ್ತು/ಅಥವಾ ಇತರ ಪಾತ್ರೆಗಳಲ್ಲಿ ಹೊಂದಿದ್ದರೆ, ಸೂರ್ಯನ ಬೆಳಕನ್ನು ಬದಲಾಯಿಸುವ ಲಾಭವನ್ನು ಪಡೆಯಲು ಹಗಲಿನಲ್ಲಿ ಅವುಗಳನ್ನು ಸರಿಸುವುದು ಒಳ್ಳೆಯದು.
ಅವು ಬಾಯಾರಿದ ಸಸ್ಯಗಳು.ಪ್ರತಿದಿನ ಅವುಗಳನ್ನು ನೀರು ಹಾಕಿ, ವಿಶೇಷವಾಗಿ ಅವರು ಹಣ್ಣುಗಳನ್ನು ಉತ್ಪಾದಿಸುತ್ತಿದ್ದರೆ.ಬೆಳಿಗ್ಗೆ ಇದನ್ನು ಮಾಡುವುದು ಮತ್ತು ರೋಗ ತಡೆಗಟ್ಟುವಿಕೆಗೆ ಎಲೆಗಳನ್ನು ಒದ್ದೆ ಮಾಡುವುದನ್ನು ತಪ್ಪಿಸುವುದು ಉತ್ತಮ.
ತೀವ್ರ ಹವಾಮಾನ ಪರಿಸ್ಥಿತಿಗಳು ಮತ್ತು ಗಾಳಿಯಿಂದ ಅವುಗಳನ್ನು ಕಾಪಾಡಿಕೊಳ್ಳಿ.ಅವರು ಸೂರ್ಯನ ಬೆಳಕನ್ನು ಇಷ್ಟಪಟ್ಟರೂ ಸಹ, ನೇರ ಮಧ್ಯಾಹ್ನ ಸೂರ್ಯನ ಬೆಳಕಿಗೆ ಒಡ್ಡಿಕೊಳ್ಳುವುದು ಹಾನಿಗೊಳಗಾಗಬಹುದು ಎಂಬುದನ್ನು ದಯವಿಟ್ಟು ಗಮನಿಸಿ.
ಉತ್ತಮ ಒಳಚರಂಡಿಗಾಗಿ ಮಡಕೆಗಳನ್ನು ಪರಿಶೀಲಿಸಿ.
ಕಳೆಗಳು ಮತ್ತು ಅನಗತ್ಯ ಸಸ್ಯಗಳನ್ನು ನಿಯಂತ್ರಿಸಿ.
ಸ್ಟ್ರಾಬೆರಿಗಳನ್ನು ಉತ್ಪಾದಿಸಲು ಅವರಿಗೆ ಸಾಕಷ್ಟು ಶಕ್ತಿಯ ಅಗತ್ಯವಿರುವುದರಿಂದ ನೀವು ಅವುಗಳನ್ನು ಫಲವತ್ತಾಗಿಸಬೇಕಾಗಿದೆ.ಸಮತೋಲಿತ ಗೊಬ್ಬರವನ್ನು ಖರೀದಿಸಿ (10-10-10, 12-12-12, ಇತ್ಯಾದಿ).ನಿರ್ದೇಶನಗಳನ್ನು ಅನುಸರಿಸಿ ಏಕೆಂದರೆ ಹೆಚ್ಚು ಗೊಬ್ಬರವು ಹಣ್ಣಿನ ಇಳುವರಿಯನ್ನು ಕಡಿಮೆ ಮಾಡುತ್ತದೆ ಮತ್ತು ಇದು ರನ್ನರ್ ಉತ್ಪಾದನೆಯನ್ನು ಉತ್ತೇಜಿಸುತ್ತದೆ.","ಸ್ಟ್ರಾಬೆರಿಯ ಹೃದಯ ಆಕಾರದ ಸಿಲೂಯೆಟ್ ಈ ಹಣ್ಣು ನಿಮಗೆ ಒಳ್ಳೆಯದು ಎಂಬ ಮೊದಲ ಸುಳಿವು.ಈ ಪ್ರಬಲವಾದ ಸಣ್ಣ ಪ್ಯಾಕೇಜುಗಳು ನಿಮ್ಮ ಹೃದಯವನ್ನು ರಕ್ಷಿಸುತ್ತವೆ, ಎಚ್‌ಡಿಎಲ್ (ಉತ್ತಮ) ಕೊಲೆಸ್ಟ್ರಾಲ್ ಅನ್ನು ಹೆಚ್ಚಿಸಿ, ನಿಮ್ಮ ರಕ್ತದೊತ್ತಡವನ್ನು ಕಡಿಮೆ ಮಾಡಿ ಮತ್ತು ಕ್ಯಾನ್ಸರ್ ವಿರುದ್ಧ ಕಾಪಾಡುತ್ತವೆ.

ವಿಟಮಿನ್, ಫೈಬರ್ ಮತ್ತು ವಿಶೇಷವಾಗಿ ಪಾಲಿಫಿನಾಲ್ಗಳು ಎಂದು ಕರೆಯಲ್ಪಡುವ ಹೆಚ್ಚಿನ ಮಟ್ಟದ ಉತ್ಕರ್ಷಣ ನಿರೋಧಕಗಳಿಂದ ತುಂಬಿರುವ ಸ್ಟ್ರಾಬೆರಿಗಳು ಸೋಡಿಯಂ ಮುಕ್ತ, ಕೊಬ್ಬು ರಹಿತ, ಕೊಲೆಸ್ಟ್ರಾಲ್ ಮುಕ್ತ, ಕಡಿಮೆ ಕ್ಯಾಲೋರಿ ಆಹಾರವಾಗಿದೆ.ಅವು ಉತ್ಕರ್ಷಣ ನಿರೋಧಕ ಸಾಮರ್ಥ್ಯದಲ್ಲಿ ಅಗ್ರ 20 ಹಣ್ಣುಗಳಲ್ಲಿ ಸೇರಿವೆ ಮತ್ತು ಮ್ಯಾಂಗನೀಸ್ ಮತ್ತು ಪೊಟ್ಯಾಸಿಯಮ್‌ನ ಉತ್ತಮ ಮೂಲವಾಗಿದೆ.ಕೇವಲ ಒಂದು ಸೇವೆ - ಸುಮಾರು ಎಂಟು ಸ್ಟ್ರಾಬೆರಿಗಳು - ಕಿತ್ತಳೆ ಬಣ್ಣಕ್ಕಿಂತ ಹೆಚ್ಚು ವಿಟಮಿನ್ ಸಿ ಅನ್ನು ಒದಗಿಸುತ್ತದೆ.",https://www.canr.msu.edu/uploads/images/7-12-11-MARK-plhstrw4.jpg
29,Tomato : Bacterial Spot (ಟೊಮೆಟೊ: ಬ್ಯಾಕ್ಟೀರಿಯಾದ ತಾಣ),"ಟೊಮೆಟೊದ ಬ್ಯಾಕ್ಟೀರಿಯಾದ ಸ್ಥಳವು ವಿನಾಶಕಾರಿ ಕಾಯಿಲೆಯಾಗಿದ್ದು, ತೀವ್ರವಾದ ಸಂದರ್ಭಗಳಲ್ಲಿ, ಗುರುತಿಸಲಾಗದ ಹಣ್ಣಿಗೆ ಕಾರಣವಾಗಬಹುದು ಮತ್ತು ಸಾವಿಗೆ ಸಸ್ಯವನ್ನು ಸಹ ಕಾರಣವಾಗಬಹುದು.ಟೊಮೆಟೊ ಬೆಳೆದಲ್ಲೆಲ್ಲಾ ಬ್ಯಾಕ್ಟೀರಿಯಾದ ಸ್ಥಳವು ಸಂಭವಿಸಬಹುದು, ಆದರೆ ಬೆಚ್ಚಗಿನ, ಆರ್ದ್ರ ವಾತಾವರಣದಲ್ಲಿ ಮತ್ತು ಹಸಿರುಮನೆಗಳಲ್ಲಿ ಹೆಚ್ಚಾಗಿ ಕಂಡುಬರುತ್ತದೆ.ಈ ರೋಗವು ಸಾಮಾನ್ಯವಾಗಿ ವಿಸ್ಕಾನ್ಸಿನ್‌ನಲ್ಲಿ ಒಂದು ಸಮಸ್ಯೆಯಾಗಿದೆ. ಎಲೆಗಳು, ಕಾಂಡಗಳು ಮತ್ತು ಹಣ್ಣು ಸೇರಿದಂತೆ ಟೊಮೆಟೊ ಸಸ್ಯದ ಮೇಲಿನ ನೆಲದ ಭಾಗಗಳ ಮೇಲೆ ಬ್ಯಾಕ್ಟೀರಿಯಲ್ ಸ್ಪಾಟ್ ಪರಿಣಾಮ ಬೀರುತ್ತದೆ.ಬ್ಯಾಕ್ಟೀರಿಯಾದ ಸ್ಥಳವು ಎಲೆಗಳ ಮೇಲೆ ಸಣ್ಣ (ಇಂಚಿಗಿಂತ ಕಡಿಮೆ), ಕೆಲವೊಮ್ಮೆ ನೀರು-ನೆನೆಸಿದ (ಅಂದರೆ, ಆರ್ದ್ರ-ಕಾಣುವ) ವೃತ್ತಾಕಾರದ ಪ್ರದೇಶಗಳಂತೆ ಕಾಣಿಸಿಕೊಳ್ಳುತ್ತದೆ.ತಾಣಗಳು ಆರಂಭದಲ್ಲಿ ಹಳದಿ-ಹಸಿರು ಬಣ್ಣದ್ದಾಗಿರಬಹುದು, ಆದರೆ ವಯಸ್ಸಾದಂತೆ ಕಂದು-ಕೆಂಪು ಬಣ್ಣಕ್ಕೆ ಗಾ en ವಾಗಬಹುದು.ರೋಗವು ತೀವ್ರವಾಗಿದ್ದಾಗ, ವ್ಯಾಪಕವಾದ ಎಲೆ ಹಳದಿ ಮತ್ತು ಎಲೆಗಳ ನಷ್ಟವೂ ಸಂಭವಿಸಬಹುದು.ಹಸಿರು ಹಣ್ಣಿನ ಮೇಲೆ, ತಾಣಗಳು ಸಾಮಾನ್ಯವಾಗಿ ಸಣ್ಣ, ಬೆಳೆದ ಮತ್ತು ಗುಳ್ಳೆಗಳಂತೆ ಇರುತ್ತವೆ ಮತ್ತು ಹಳದಿ ಬಣ್ಣದ ಹಾಲೋ ಹೊಂದಿರಬಹುದು.ಹಣ್ಣು ಪ್ರಬುದ್ಧವಾಗಿ, ತಾಣಗಳು ಹಿಗ್ಗುತ್ತವೆ (ಗರಿಷ್ಠ ಗಾತ್ರ ¼ ಇಂಚು ತಲುಪುತ್ತವೆ) ಮತ್ತು ಕಂದು, ಸ್ಕ್ಯಾಬ್ ಮತ್ತು ಒರಟಾಗಿ ತಿರುಗುತ್ತವೆ.ಪ್ರಬುದ್ಧ ತಾಣಗಳನ್ನು ಬೆಳೆಸಬಹುದು, ಅಥವಾ ಬೆಳೆದ ಅಂಚುಗಳಿಂದ ಮುಳುಗಬಹುದು.","ಕಲುಷಿತ ಬೀಜ ಅಥವಾ ಮೊಳಕೆಗಳ ಮೇಲೆ ಬ್ಯಾಕ್ಟೀರಿಯಾದ ಸ್ಪಾಟ್ ರೋಗಕಾರಕಗಳ ಪರಿಚಯವನ್ನು ತಡೆಯಲು ರೋಗಕಾರಕ ಮುಕ್ತ ಬೀಜ ಅಥವಾ ಕಸಿ ಸಸ್ಯ.ಶುದ್ಧ ಬೀಜದ ಮೂಲವು ಲಭ್ಯವಿಲ್ಲದಿದ್ದರೆ ಅಥವಾ ನಿಮ್ಮ ಬೀಜ ಕಲುಷಿತವಾಗಿದೆ ಎಂದು ನೀವು ಅನುಮಾನಿಸಿದರೆ, ಬೀಜಗಳನ್ನು ನೀರಿನಲ್ಲಿ 122 ° F ನಲ್ಲಿ 25 ನಿಮಿಷ ನೆನೆಸಿ.ರೋಗಕಾರಕಗಳನ್ನು ಕೊಲ್ಲಲು.ಎಲೆಗಳನ್ನು ಒಣಗಿಸಲು ಮತ್ತು ರೋಗಕಾರಕಗಳ ಹರಡುವಿಕೆಯನ್ನು ತಡೆಗಟ್ಟಲು, ಸ್ಥಾಪಿತ ಸಸ್ಯಗಳ ಓವರ್ಹೆಡ್ ನೀರುಹಾಕುವುದನ್ನು ತಪ್ಪಿಸಿ (ಉದಾ., ದಂಡ ಅಥವಾ ಸಿಂಪಡಿಸುವಿಕೆಯೊಂದಿಗೆ) ಮತ್ತು ಬದಲಿಗೆ ಹನಿ-ಟೇಪ್ ಅಥವಾ ನೆನೆಸುವ-ಮೆತ್ತೆಯನ್ನು ಬಳಸಿ.ಹರಡುವಿಕೆಯನ್ನು ತಡೆಗಟ್ಟಲು, ಸಸ್ಯಗಳು ಒದ್ದೆಯಾದಾಗ (ಉದಾ., ಇಬ್ಬನಿಯಿಂದ) ನಿರ್ವಹಿಸಬೇಡಿ ಮತ್ತು 10% ಬ್ಲೀಚ್ ದ್ರಾವಣ ಅಥವಾ (ಉತ್ತಮ) 70% ಆಲ್ಕೋಹಾಲ್ (ಉದಾ., ಆಲ್ಕೋಹಾಲ್ ಅನ್ನು ಉಜ್ಜುವುದು) ಹೊಂದಿರುವ ಸಾಧನಗಳನ್ನು ವಾಡಿಕೆಯಂತೆ ಕ್ರಿಮಿನಾಶಕಗೊಳಿಸಬೇಡಿ.ಬ್ಯಾಕ್ಟೀರಿಯಾದ ಸ್ಥಳವು ಪುನರಾವರ್ತಿತ ಸಮಸ್ಯೆಯಾಗಿರುವಲ್ಲಿ, ಟೊಮೆಟೊದಲ್ಲಿ, ವಿಶೇಷವಾಗಿ ಬೆಚ್ಚಗಿನ, ಆರ್ದ್ರ ಅವಧಿಗಳಲ್ಲಿ ನೋಂದಾಯಿಸಲಾದ ತಾಮ್ರ ಆಧಾರಿತ ಉತ್ಪನ್ನಗಳ ತಡೆಗಟ್ಟುವ ಅನ್ವಯಿಕೆಗಳನ್ನು ಬಳಸುವುದನ್ನು ಪರಿಗಣಿಸಿ.ಆದಾಗ್ಯೂ, ವಿಪರೀತವಾಗಿ ಅಥವಾ ದೀರ್ಘಕಾಲದವರೆಗೆ ಬಳಸಿದರೆ, ತಾಮ್ರವು ಇನ್ನು ಮುಂದೆ ರೋಗವನ್ನು ನಿಯಂತ್ರಿಸುವುದಿಲ್ಲ ಎಂಬುದನ್ನು ನೆನಪಿನಲ್ಲಿಡಿ.ಉತ್ಪನ್ನದ ಎಲ್ಲಾ ಲೇಬಲ್ ಸೂಚನೆಗಳನ್ನು ಓದಲು ಮತ್ತು ಅನುಸರಿಸಲು ಮರೆಯದಿರಿ, ನೀವು ಅದನ್ನು ಸಾಧ್ಯವಾದಷ್ಟು ಸುರಕ್ಷಿತ ಮತ್ತು ಪರಿಣಾಮಕಾರಿ ರೀತಿಯಲ್ಲಿ ಬಳಸುತ್ತೀರಿ ಎಂದು ಖಚಿತಪಡಿಸಿಕೊಳ್ಳಲು.",https://www.growingproduce.com/wp-content/uploads/2019/08/bacterial_spot_tomato.jpg
30,Tomato : Early Blight (ಟೊಮೆಟೊ: ಆರಂಭಿಕ ರೋಗ),"ಆರಂಭಿಕ ರೋಗವು ಸಾಮಾನ್ಯ ಟೊಮೆಟೊ ಕಾಯಿಲೆಗಳಲ್ಲಿ ಒಂದಾಗಿದೆ, ಟೊಮೆಟೊ ಬೆಳೆದರೂ ಪ್ರತಿ season ತುವಿನಲ್ಲಿ ಸಂಭವಿಸುತ್ತದೆ.
ಇದು ಎಲೆಗಳು, ಹಣ್ಣುಗಳು ಮತ್ತು ಕಾಂಡಗಳ ಮೇಲೆ ಪರಿಣಾಮ ಬೀರುತ್ತದೆ ಮತ್ತು ಒಳಗಾಗುವ ತಳಿಗಳನ್ನು ಬಳಸಿದಾಗ ಮತ್ತು ಹವಾಮಾನವು ಅನುಕೂಲಕರವಾದಾಗ ಮಿತಿಯನ್ನು ತೀವ್ರವಾಗಿ ಇಳುವರಿ ನೀಡುತ್ತದೆ.
ತೀವ್ರವಾದ ವಿರೂಪಗೊಳಿಸುವಿಕೆ ಸಂಭವಿಸಬಹುದು ಮತ್ತು ಹಣ್ಣಿನ ಮೇಲೆ ಸನ್‌ಸ್ಕಾಲ್ಡ್ಗೆ ಕಾರಣವಾಗಬಹುದು.
ಮಿನ್ನೇಸೋಟದಲ್ಲಿ ಕ್ಷೇತ್ರ ಮತ್ತು ಹೆಚ್ಚಿನ ಸುರಂಗ ಟೊಮೆಟೊ ಉತ್ಪಾದನೆಯಲ್ಲಿ ಆರಂಭಿಕ ರೋಗಗಳು ಸಾಮಾನ್ಯವಾಗಿದೆ.","ಗಾಳಿಯ ಪ್ರಸರಣವನ್ನು ಸುಧಾರಿಸಲು ಮತ್ತು ಶಿಲೀಂಧ್ರಗಳ ಸಮಸ್ಯೆಗಳನ್ನು ಕಡಿಮೆ ಮಾಡಲು ಸಸ್ಯಗಳನ್ನು ಕತ್ತರಿಸು ಅಥವಾ ಪಾಲಿಸಿ.
ಪ್ರತಿ ಕಟ್ ನಂತರ ನಿಮ್ಮ ಸಮರುವಿಕೆಯನ್ನು ಶಿಯರ್‌ಗಳನ್ನು (ಒಂದು ಭಾಗ ಬ್ಲೀಚ್ 4 ಭಾಗಗಳ ನೀರಿಗೆ) ಸೋಂಕುರಹಿತಗೊಳಿಸಲು ಖಚಿತಪಡಿಸಿಕೊಳ್ಳಿ.
ಸಸ್ಯಗಳ ಅಡಿಯಲ್ಲಿ ಮಣ್ಣನ್ನು ಸ್ವಚ್ clean ವಾಗಿ ಮತ್ತು ಉದ್ಯಾನ ಶಿಲಾಖಂಡರಾಶಿಗಳಿಂದ ಮುಕ್ತವಾಗಿರಿಸಿಕೊಳ್ಳಿ.ಬೀಜಕಗಳು ಸಸ್ಯವರ್ಗದ ಮೇಲೆ ಮತ್ತೆ ಸ್ಪ್ಲಾಶ್ ಮಾಡುವುದನ್ನು ತಡೆಯಲು ಸಾವಯವ ಕಾಂಪೋಸ್ಟ್ ಪದರವನ್ನು ಸೇರಿಸಿ.
ಎಲೆಗಳನ್ನು ಒಣಗಲು ಸಹಾಯ ಮಾಡಲು ಹನಿ ನೀರಾವರಿ ಮತ್ತು ನೆನೆಸುವ ಮೆತುನೀರ್ನಾಳಗಳನ್ನು ಬಳಸಬಹುದು.
ಉತ್ತಮ ನಿಯಂತ್ರಣಕ್ಕಾಗಿ, ತಾಮ್ರ ಆಧಾರಿತ ಶಿಲೀಂಧ್ರನಾಶಕಗಳನ್ನು ಮೊದಲೇ ಅನ್ವಯಿಸಿ, ರೋಗವು ಸಾಮಾನ್ಯವಾಗಿ ಕಾಣಿಸಿಕೊಳ್ಳುವ ಎರಡು ವಾರಗಳ ಮೊದಲು ಅಥವಾ ಹವಾಮಾನ ಮುನ್ಸೂಚನೆಗಳು ದೀರ್ಘಾವಧಿಯ ಆರ್ದ್ರ ವಾತಾವರಣವನ್ನು ict ಹಿಸಿದಾಗ.ಪರ್ಯಾಯವಾಗಿ, ರೋಗವು ಮೊದಲು ಕಾಣಿಸಿಕೊಂಡಾಗ ಚಿಕಿತ್ಸೆಯನ್ನು ಪ್ರಾರಂಭಿಸಿ, ಮತ್ತು ಪ್ರತಿ 7-10 ದಿನಗಳಿಗೊಮ್ಮೆ ಅಗತ್ಯವಿರುವವರೆಗೆ ಪುನರಾವರ್ತಿಸಿ.
ತಾಮ್ರ ಮತ್ತು ಪೈರೆಥ್ರಿನ್‌ಗಳನ್ನು ಹೊಂದಿರುವ, ಬೋನಿಡ್ ® ಗಾರ್ಡನ್ ಧೂಳು ಅನೇಕ ಕೀಟಗಳ ದಾಳಿಗಳು ಮತ್ತು ಶಿಲೀಂಧ್ರಗಳ ಸಮಸ್ಯೆಗಳಿಗೆ ಸುರಕ್ಷಿತ, ಒಂದು-ಹಂತದ ನಿಯಂತ್ರಣವಾಗಿದೆ.ಉತ್ತಮ ಫಲಿತಾಂಶಗಳಿಗಾಗಿ, ತೆಳುವಾದ ಏಕರೂಪದ ಫಿಲ್ಮ್ ಅಥವಾ ಧೂಳಿನಿಂದ ಎಲೆಗಳ ಮೇಲ್ಭಾಗ ಮತ್ತು ಕೆಳಭಾಗವನ್ನು ಮುಚ್ಚಿ.ಎಲೆಗಳ ಸಾಂದ್ರತೆಯನ್ನು ಅವಲಂಬಿಸಿ, 10 z ನ್ಸ್ 625 ಚದರ ಅಡಿ. ಪ್ರತಿ 7-10 ದಿನಗಳಿಗೊಮ್ಮೆ ಅಗತ್ಯವಿರುವಂತೆ ಅಪ್ಲಿಕೇಶನ್‌ಗಳನ್ನು ಪುನರಾವರ್ತಿಸುತ್ತದೆ.",https://extension.umn.edu/sites/extension.umn.edu/files/styles/large/public/early-blight-leaf-tomato.jpg?itok=woYQQlrF
31,Tomato : Late Blight (ಟೊಮೆಟೊ: ತಡವಾಗಿ ರೋಗ),"ಓಮೈಸೆಟ್ ಫೈಟೊಫ್ಥೊರಾ ಇನ್ಫೆಸ್ಟಾನ್‌ಗಳಿಂದ ತಡವಾಗಿ ರೋಗ ಉಂಟಾಗುತ್ತದೆ.ಓಮೈಸೆಟ್‌ಗಳು ಶಿಲೀಂಧ್ರ ತರಹದ ಜೀವಿಗಳು ನೀರಿನ ಅಚ್ಚುಗಳು ಎಂದೂ ಕರೆಯಲ್ಪಡುತ್ತವೆ, ಆದರೆ ಅವು ನಿಜವಾದ ಶಿಲೀಂಧ್ರಗಳಲ್ಲ.
ಪಿ. ಇನ್ಫೆಸ್ಟನ್ನರ ಹಲವು ವಿಭಿನ್ನ ತಳಿಗಳಿವೆ.ಇವುಗಳನ್ನು ಕ್ಲೋನಲ್ ವಂಶಾವಳಿಗಳು ಎಂದು ಕರೆಯಲಾಗುತ್ತದೆ ಮತ್ತು ಇದನ್ನು ಸಂಖ್ಯೆ ಕೋಡ್‌ನಿಂದ ಗೊತ್ತುಪಡಿಸಲಾಗುತ್ತದೆ (ಅಂದರೆ ಯುಎಸ್ -23).ಅನೇಕ ಕ್ಲೋನಲ್ ವಂಶಾವಳಿಗಳು ಟೊಮೆಟೊ ಮತ್ತು ಆಲೂಗಡ್ಡೆ ಎರಡರ ಮೇಲೆ ಪರಿಣಾಮ ಬೀರುತ್ತವೆ, ಆದರೆ ಕೆಲವು ವಂಶಾವಳಿಗಳು ಒಂದು ಆತಿಥೇಯ ಅಥವಾ ಇನ್ನೊಂದಕ್ಕೆ ನಿರ್ದಿಷ್ಟವಾಗಿವೆ. ಲೇಟ್ ರೋಗವು ಟೊಮೆಟೊ ಮತ್ತು ಆಲೂಗಡ್ಡೆಯ ವಿನಾಶಕಾರಿ ಕಾಯಿಲೆಯಾಗಿದ್ದು, ಟೊಮೆಟೊ ಸಸ್ಯಗಳ ಎಲೆಗಳು, ಕಾಂಡಗಳು ಮತ್ತು ಹಣ್ಣುಗಳನ್ನು ಸೋಂಕು ತರುತ್ತದೆ.
ಈ ರೋಗವು ಕ್ಷೇತ್ರಗಳಲ್ಲಿ ತ್ವರಿತವಾಗಿ ಹರಡುತ್ತದೆ ಮತ್ತು ಚಿಕಿತ್ಸೆ ನೀಡದಿದ್ದರೆ ಒಟ್ಟು ಬೆಳೆ ವೈಫಲ್ಯಕ್ಕೆ ಕಾರಣವಾಗಬಹುದು.
ಆಲೂಗಡ್ಡೆಯ ತಡವಾದ ರೋಗವು 1840 ರ ದಶಕದ ಉತ್ತರಾರ್ಧದ ಐರಿಶ್ ಆಲೂಗೆಡ್ಡೆ ಕ್ಷಾಮಕ್ಕೆ ಕಾರಣವಾಗಿದೆ.","ಟೊಮೆಟೊ ತಡವಾದ ರೋಗವನ್ನು ನಿಯಂತ್ರಿಸುವ ಮೊದಲ ಹೆಜ್ಜೆ ನೈರ್ಮಲ್ಯವಾಗಿದೆ.ಉದ್ಯಾನ ಪ್ರದೇಶದಿಂದ ಎಲ್ಲಾ ಭಗ್ನಾವಶೇಷಗಳು ಮತ್ತು ಬಿದ್ದ ಹಣ್ಣುಗಳನ್ನು ಸ್ವಚ್ up ಗೊಳಿಸಿ.ವಿಸ್ತೃತ ಘನೀಕರಿಸುವಿಕೆಯು ಅಸಂಭವವಾಗಿದೆ ಮತ್ತು ತಡವಾದ ರೋಗ ಟೊಮೆಟೊ ಕಾಯಿಲೆಯು ಬಿದ್ದ ಹಣ್ಣಿನಲ್ಲಿ ಅತಿಕ್ರಮಿಸುವಂತಹ ಬೆಚ್ಚಗಿನ ಪ್ರದೇಶಗಳಲ್ಲಿ ಇದು ವಿಶೇಷವಾಗಿ ಅವಶ್ಯಕವಾಗಿದೆ.ಪ್ರಸ್ತುತ, ಟೊಮೆಟೊ ರೋಗಕ್ಕೆ ನಿರೋಧಕವಾದ ಟೊಮೆಟೊ ತಳಿಗಳು ಲಭ್ಯವಿಲ್ಲ, ಆದ್ದರಿಂದ ಸಸ್ಯಗಳನ್ನು ವಾರಕ್ಕೆ ಎರಡು ಬಾರಿಯಾದರೂ ಪರಿಶೀಲಿಸಬೇಕು.ಆರ್ದ್ರ ಪರಿಸ್ಥಿತಿಯಲ್ಲಿ ತಡವಾಗಿ ರೋಗದ ಲಕ್ಷಣಗಳು ಸಂಭವಿಸುವ ಸಾಧ್ಯತೆ ಹೆಚ್ಚು, ಆ ಸಮಯದಲ್ಲಿ ಹೆಚ್ಚಿನ ಕಾಳಜಿ ವಹಿಸಬೇಕು.ಹೋಮ್ ಗಾರ್ಡನರ್ಗಾಗಿ, ಮಾನೆಬ್, ಮ್ಯಾಂಕೋಜೆಬ್, ಕ್ಲೋರೊಥನೊಲಿಲ್ ಅಥವಾ ಸ್ಥಿರ ತಾಮ್ರವನ್ನು ಒಳಗೊಂಡಿರುವ ಶಿಲೀಂಧ್ರನಾಶಕಗಳು ಸಸ್ಯಗಳನ್ನು ತಡವಾಗಿ ಟೊಮೆಟೊ ರೋಗದಿಂದ ರಕ್ಷಿಸಲು ಸಹಾಯ ಮಾಡುತ್ತದೆ.ಬೆಳವಣಿಗೆಯ throughout ತುವಿನ ಉದ್ದಕ್ಕೂ ಪುನರಾವರ್ತಿತ ಅಪ್ಲಿಕೇಶನ್‌ಗಳು ಅಗತ್ಯ ಏಕೆಂದರೆ ರೋಗವು ಯಾವುದೇ ಸಮಯದಲ್ಲಿ ಹೊಡೆಯಬಹುದು.ಸಾವಯವ ತೋಟಗಾರರಿಗೆ, ಕೆಲವು ಸ್ಥಿರ ತಾಮ್ರ ಉತ್ಪನ್ನಗಳನ್ನು ಬಳಸಲು ಅನುಮೋದಿಸಲಾಗಿದೆ;ಇಲ್ಲದಿದ್ದರೆ, ಎಲ್ಲಾ ಸೋಂಕಿತ ಸಸ್ಯಗಳನ್ನು ತಕ್ಷಣ ತೆಗೆದುಹಾಕಿ ನಾಶಪಡಿಸಬೇಕು.","https://www.canr.msu.edu/contentAsset/image/e97d1ef0-5b55-49b0-ab4e-c57dcbeca65e/fileAsset/filter/Resize,Jpeg/resize_w/750/jpeg_q/80"
32,Tomato : Leaf Mold (ಟೊಮೆಟೊ: ಎಲೆ ಅಚ್ಚು),"ಟೊಮೆಟೊ ಎಲೆ ಅಚ್ಚು ಒಂದು ಶಿಲೀಂಧ್ರ ಕಾಯಿಲೆಯಾಗಿದ್ದು, ಎಲೆಗಳ ತೇವದ ವಿಸ್ತೃತ ಅವಧಿಗಳು ಇದ್ದಾಗ ಮತ್ತು ಸಾಪೇಕ್ಷ ಆರ್ದ್ರತೆ ಹೆಚ್ಚಿರುವಾಗ (85 ಪ್ರತಿಶತಕ್ಕಿಂತ ಹೆಚ್ಚು) ಬೆಳೆಯಬಹುದು.ಈ ತೇವಾಂಶದ ಅವಶ್ಯಕತೆಯಿಂದಾಗಿ, ಈ ರೋಗವು ಮುಖ್ಯವಾಗಿ ಹೂಫೌಸ್ ಮತ್ತು ಹಸಿರುಮನೆಗಳಲ್ಲಿ ಕಂಡುಬರುತ್ತದೆ.ವಸಂತಕಾಲದ ಆರಂಭದ ತಾಪಮಾನದಲ್ಲಿ (50.9 ಡಿಗ್ರಿ ಫ್ಯಾರನ್‌ಹೀಟ್) ಅಥವಾ ಬೇಸಿಗೆಯ ವಿಶಿಷ್ಟ ಲಕ್ಷಣಗಳು (90 ಎಫ್) ಟೊಮೆಟೊ ಎಲೆ ಅಚ್ಚು ಬೆಳೆಯಬಹುದು.ಸೂಕ್ತವಾದ ತಾಪಮಾನ ಟೊಮೆಟೊ ಎಲೆ ಅಚ್ಚು ಕಡಿಮೆ 70 ರ ದಶಕದಲ್ಲಿದೆ.

ರೋಗದ ಲಕ್ಷಣಗಳು ಮೇಲಿನ ಎಲೆಗಳ ಮೇಲ್ಮೈಯಲ್ಲಿ ಹಳದಿ ಕಲೆಗಳನ್ನು ಒಳಗೊಂಡಿವೆ.ಆಲಿವ್-ಹಸಿರು ಬೀಜಕಗಳ ಪ್ರತ್ಯೇಕ ದ್ರವ್ಯರಾಶಿಗಳನ್ನು ಪೀಡಿತ ಎಲೆಗಳ ಕೆಳಭಾಗದಲ್ಲಿ ಕಾಣಬಹುದು.","ಟೊಮೆಟೊ ಸಸ್ಯಗಳಿಗೆ ಶಿಲೀಂಧ್ರನಾಶಕದೊಂದಿಗೆ ಚಿಕಿತ್ಸೆ ನೀಡುವಾಗ, ಮಣ್ಣಿನ ಮೇಲಿರುವ ಸಸ್ಯದ ಎಲ್ಲಾ ಪ್ರದೇಶಗಳನ್ನು, ವಿಶೇಷವಾಗಿ ಎಲೆಗಳ ಕೆಳಭಾಗವನ್ನು, ರೋಗವು ಹೆಚ್ಚಾಗಿ ರೂಪುಗೊಳ್ಳುವ ಸ್ಥಳವನ್ನು ಆವರಿಸಲು ಮರೆಯದಿರಿ.ಎಲೆ ಅಚ್ಚು ಸಮಸ್ಯೆಗಳಿಗೆ ಚಿಕಿತ್ಸೆ ನೀಡಲು ಕ್ಯಾಲ್ಸಿಯಂ ಕ್ಲೋರೈಡ್ ಆಧಾರಿತ ದ್ರವೌಷಧಗಳನ್ನು ಶಿಫಾರಸು ಮಾಡಲಾಗಿದೆ.ಸಾವಯವ ಶಿಲೀಂಧ್ರನಾಶಕ ಆಯ್ಕೆಗಳು ಸಹ ಲಭ್ಯವಿದೆ.",https://www.gardeningknowhow.com/wp-content/uploads/2018/04/tomato-leaf-mold-400x300.jpg
33,Tomato : Septoria Leaf Spot (ಟೊಮೆಟೊ: ಸೆಪ್ಟೋರಿಯಾ ಲೀಫ್ ಸ್ಪಾಟ್),"ಸೆಪ್ಟೋರಿಯಾ ಲೀಫ್ ಸ್ಪಾಟ್ ಸೆಪ್ಟೋರಿಯಾ ಲೈಕೋಪರ್ಸಿಸಿ ಎಂಬ ಶಿಲೀಂಧ್ರದಿಂದ ಉಂಟಾಗುತ್ತದೆ.ಇದು ಟೊಮೆಟೊ ಎಲೆಗಳ ಅತ್ಯಂತ ವಿನಾಶಕಾರಿ ಕಾಯಿಲೆಗಳಲ್ಲಿ ಒಂದಾಗಿದೆ ಮತ್ತು ಒದ್ದೆಯಾದ, ಆರ್ದ್ರ ವಾತಾವರಣವು ವಿಸ್ತೃತ ಅವಧಿಗೆ ಮುಂದುವರಿಯುವ ಪ್ರದೇಶಗಳಲ್ಲಿ ವಿಶೇಷವಾಗಿ ತೀವ್ರವಾಗಿರುತ್ತದೆ. ಮೊದಲ ಹಣ್ಣಿನ ಸೆಟ್ ನಂತರ ಸೆಪ್ಟೋರಿಯಾ ಲೀಫ್ ಸ್ಪಾಟ್ ಸಾಮಾನ್ಯವಾಗಿ ಕೆಳಗಿನ ಎಲೆಗಳ ಮೇಲೆ ಕಾಣಿಸಿಕೊಳ್ಳುತ್ತದೆ.ಕಲೆಗಳು ವೃತ್ತಾಕಾರವಾಗಿರುತ್ತವೆ, ಸುಮಾರು 1/16 ರಿಂದ 1/4 ಇಂಚು ವ್ಯಾಸವನ್ನು ಗಾ dark ಕಂದು ಅಂಚುಗಳೊಂದಿಗೆ ಮತ್ತು ಸಣ್ಣ ಕಪ್ಪು ಫ್ರುಟಿಂಗ್ ರಚನೆಗಳೊಂದಿಗೆ ಬೂದು ಕೇಂದ್ರಗಳಿಗೆ ಕಂದು ಬಣ್ಣದ್ದಾಗಿರುತ್ತದೆ.ವಿಶಿಷ್ಟವಾಗಿ, ಪ್ರತಿ ಎಲೆಗೆ ಹಲವು ತಾಣಗಳಿವೆ.ಈ ರೋಗವು ಹಳೆಯದರಿಂದ ಕಿರಿಯ ಬೆಳವಣಿಗೆಗೆ ಮೇಲಕ್ಕೆ ಹರಡುತ್ತದೆ.ಎಲೆಗಳ ಗಾಯಗಳು ಹಲವಾರು ಇದ್ದರೆ, ಎಲೆಗಳು ಸ್ವಲ್ಪ ಹಳದಿ ಬಣ್ಣಕ್ಕೆ ತಿರುಗುತ್ತವೆ, ನಂತರ ಕಂದು, ತದನಂತರ ಒಣಗುತ್ತವೆ.ಹಣ್ಣಿನ ಸೋಂಕು ಅಪರೂಪ.","ರೋಗಪೀಡಿತ ಎಲೆಗಳನ್ನು ತೆಗೆದುಹಾಕಿ.
ಸಸ್ಯಗಳ ಸುತ್ತ ಗಾಳಿಯ ಪ್ರಸರಣವನ್ನು ಸುಧಾರಿಸಿ.
ಸಸ್ಯಗಳ ಬುಡದ ಸುತ್ತಲೂ ಹಸಿಗೊಬ್ಬರ.ಹಸಿಗೊಬ್ಬರವು ಸ್ಪ್ಲಾಶಿಂಗ್ ಮಣ್ಣನ್ನು ಕಡಿಮೆ ಮಾಡುತ್ತದೆ, ಇದು ಶಿಲಾಖಂಡರಾಶಿಗಳಿಗೆ ಸಂಬಂಧಿಸಿದ ಶಿಲೀಂಧ್ರ ಬೀಜಕಗಳನ್ನು ಹೊಂದಿರಬಹುದು.ಮಣ್ಣು ಬೆಚ್ಚಗಾದ ನಂತರ ಹಸಿಗೊಬ್ಬರವನ್ನು ಅನ್ವಯಿಸಿ.
ಓವರ್ಹೆಡ್ ನೀರುಹಾಕುವುದನ್ನು ಬಳಸಬೇಡಿ.ಓವರ್ಹೆಡ್ ನೀರುಹಾಕುವುದು ಸೋಂಕನ್ನು ಸುಗಮಗೊಳಿಸುತ್ತದೆ ಮತ್ತು ರೋಗವನ್ನು ಹರಡುತ್ತದೆ.ಎಲೆಗಳನ್ನು ಒಣಗಿಸಲು ಸಸ್ಯದ ತಳದಲ್ಲಿ ನೆನೆಸುವ ಮೆದುಗೊಳವೆ ಬಳಸಿ.ದಿನದ ಆರಂಭದಲ್ಲಿ ನೀರು.
ಕಳೆಗಳನ್ನು ನಿಯಂತ್ರಿಸಿ.ನೈಟ್‌ಶೇಡ್ ಮತ್ತು ಹಾರ್ಸೆನೆಟಲ್ ಆಗಾಗ್ಗೆ ಸೆಪ್ಟೋರಿಯಾ ಲೀಫ್ ಸ್ಪಾಟ್‌ನ ಆತಿಥೇಯರು ಮತ್ತು ಉದ್ಯಾನ ಸ್ಥಳದ ಸುತ್ತಲೂ ನಿರ್ಮೂಲನೆ ಮಾಡಬೇಕು.
ಬೆಳೆ ತಿರುಗುವಿಕೆಯನ್ನು ಬಳಸಿ.ಮುಂದಿನ ವರ್ಷ ರೋಗಪೀಡಿತ ಟೊಮೆಟೊ ಬೆಳೆದ ಅದೇ ಸ್ಥಳದಲ್ಲಿ ಟೊಮೆಟೊಗಳನ್ನು ಮತ್ತೆ ನೆಡಬೇಡಿ.ಈ ಪ್ರದೇಶಗಳಲ್ಲಿ ಟೊಮೆಟೊಗಳನ್ನು ಮರುಪರಿಶೀಲಿಸುವ ಮೊದಲು 1-2 ವರ್ಷ ಕಾಯಿರಿ.
ಶಿಲೀಂಧ್ರನಾಶಕ ದ್ರವೌಷಧಗಳನ್ನು ಬಳಸಿ.",https://www.missouribotanicalgarden.org/portals/0/Gardening/Gardening%20Help/images/Pests/Septoria_Leaf_Spot_of_Tomato187.jpg
34,Tomato : Spider Mites | Two-Spotted Spider Mite (ಟೊಮೆಟೊ: ಸ್ಪೈಡರ್ ಹುಳಗಳು |ಎರಡು ಮಚ್ಚೆಯ ಜೇಡ ಮಿಟೆ),"ಎರಡು-ಮಚ್ಚೆಯ ಜೇಡ ಮಿಟೆ ನ್ಯೂ ಇಂಗ್ಲೆಂಡ್‌ನಲ್ಲಿ ತರಕಾರಿ ಮತ್ತು ಹಣ್ಣಿನ ಬೆಳೆಗಳ ಮೇಲೆ ದಾಳಿ ಮಾಡುವ ಸಾಮಾನ್ಯ ಮಿಟೆ ಪ್ರಭೇದವಾಗಿದೆ.ಟೊಮೆಟೊ, ಬಿಳಿಬದನೆ, ಆಲೂಗಡ್ಡೆ, ಕಲ್ಲಂಗಡಿಗಳು, ಸೌತೆಕಾಯಿಗಳು ಮತ್ತು ಇತರ ಬೆಳೆಗಳಂತಹ ಬಳ್ಳಿ ಬೆಳೆಗಳಲ್ಲಿ ಜೇಡ ಹುಳಗಳು ಸಂಭವಿಸಬಹುದು.ಎರಡು-ಮಚ್ಚೆಯ ಜೇಡ ಹುಳಗಳು ಬಿಳಿಬದನೆಯ ಪ್ರಮುಖ ಕೀಟಗಳಲ್ಲಿ ಒಂದಾಗಿದೆ.ಅವರು ವರ್ಷಕ್ಕೆ 20 ತಲೆಮಾರುಗಳನ್ನು ಹೊಂದಿರುತ್ತಾರೆ ಮತ್ತು ಹೆಚ್ಚುವರಿ ಸಾರಜನಕ ಮತ್ತು ಶುಷ್ಕ ಮತ್ತು ಧೂಳಿನ ಪರಿಸ್ಥಿತಿಗಳಿಂದ ಒಲವು ತೋರುತ್ತಾರೆ.ವಿಶಾಲ-ಸ್ಪೆಕ್ಟ್ರಮ್ ಕೀಟನಾಶಕಗಳ ಬಳಕೆಯಿಂದ ಏಕಾಏಕಿ ಉಂಟಾಗುತ್ತದೆ, ಇದು MITE ಜನಸಂಖ್ಯೆಯನ್ನು ನಿರ್ವಹಿಸಲು ಸಹಾಯ ಮಾಡುವ ಹಲವಾರು ನೈಸರ್ಗಿಕ ಶತ್ರುಗಳಲ್ಲಿ ಹಸ್ತಕ್ಷೇಪ ಮಾಡುತ್ತದೆ.ಹೆಚ್ಚಿನ ಕೀಟಗಳಂತೆ, ಸಮಸ್ಯೆಯನ್ನು ಮೊದಲೇ ಹಿಡಿಯುವುದು ಸುಲಭವಾದ ನಿಯಂತ್ರಣವನ್ನು ಅರ್ಥೈಸುತ್ತದೆ.","ಕೆಟ್ಟ ಹೊಲಗಳನ್ನು ತಪ್ಪಿಸಿ ಮತ್ತು ದ್ವಿದಳ ಧಾನ್ಯದ ಮೇವಿನ ಬೆಳೆಗಳ ಪಕ್ಕದಲ್ಲಿ ಬಿಳಿಬದನೆ ನೆಡಬೇಡಿ.
ಆರಂಭಿಕ season ತುವನ್ನು ತಪ್ಪಿಸಿ, ಇತರ ಕೀಟಗಳಿಗೆ ವಿಶಾಲ-ಸ್ಪೆಕ್ಟ್ರಮ್ ಕೀಟನಾಶಕ ಅನ್ವಯಿಕೆಗಳು.
ಅತಿಯಾದ ಫಲವತ್ತಾಗಿಸಬೇಡಿ.
ಓವರ್ಹೆಡ್ ನೀರಾವರಿ ಅಥವಾ ದೀರ್ಘಕಾಲದ ಮಳೆಯು ಜನಸಂಖ್ಯೆಯನ್ನು ಕಡಿಮೆ ಮಾಡಲು ಸಹಾಯ ಮಾಡುತ್ತದೆ.",https://entomology.ca.uky.edu/files/styles/panopoly_image_original/public/310a.jpg?itok=XNlP0H9H
35,Tomato : Target Spot (ಟೊಮೆಟೊ: ಟಾರ್ಗೆಟ್ ಸ್ಪಾಟ್),"ರೋಗವು ಹಳೆಯ ಎಲೆಗಳ ಮೇಲೆ ಪ್ರಾರಂಭವಾಗುತ್ತದೆ ಮತ್ತು ಮೇಲಕ್ಕೆ ಹರಡುತ್ತದೆ.ಮೊದಲ ಚಿಹ್ನೆಗಳು ಹಳದಿ ಅಂಚಿನೊಂದಿಗೆ ಅನಿಯಮಿತ ಆಕಾರದ ತಾಣಗಳು (1 ಮಿ.ಮೀ ಗಿಂತ ಕಡಿಮೆ).ಕೆಲವು ತಾಣಗಳು 10 ಮಿಮೀ ವರೆಗೆ ವಿಸ್ತರಿಸುತ್ತವೆ ಮತ್ತು ಗುಣಲಕ್ಷಣಗಳ ಉಂಗುರಗಳನ್ನು ತೋರಿಸುತ್ತವೆ, ಆದ್ದರಿಂದ ""ಟಾರ್ಗೆಟ್ ಸ್ಪಾಟ್"" ಹೆಸರು.ಎಲ್ಲಾ ಚಿಗುರೆಲೆಗಳಿಗೆ ಮತ್ತು ಇತರ ಎಲೆಗಳಿಗೆ ಹರಡುವುದು ವೇಗವಾಗಿದ್ದು, ಎಲೆಗಳು ಹಳದಿ ಬಣ್ಣಕ್ಕೆ ತಿರುಗುತ್ತವೆ, ಕುಸಿಯುತ್ತವೆ ಮತ್ತು ಸಾಯುತ್ತವೆ.ಕಾಂಡಗಳಲ್ಲೂ ತಾಣಗಳು ಸಂಭವಿಸುತ್ತವೆ.ಅವು ಉದ್ದ ಮತ್ತು ತೆಳ್ಳಗಿರುತ್ತವೆ.ಡಾರ್ಕ್ ಅಂಚುಗಳನ್ನು ಹೊಂದಿರುವ ಸಣ್ಣ ತಿಳಿ ಕಂದು ಕಲೆಗಳು ಹಣ್ಣಿನ ಮೇಲೆ ಸಂಭವಿಸಬಹುದು.
ಬೀಜಕಗಳು ಗಾಳಿ ಬೀಸಿದ ಮಳೆಯಿಂದ ಹರಡುತ್ತವೆ, ಮತ್ತು ಗಾಳಿಯ ಆರ್ದ್ರ ವಾತಾವರಣವು ಕೆಲವು ದಿನಗಳವರೆಗೆ ಮುಂದುವರಿದರೆ, ಹರಡುವಿಕೆಯು ವೇಗವಾಗಿರುತ್ತದೆ ಮತ್ತು ಸಸ್ಯಗಳು ತಮ್ಮ ಎಲೆಗಳನ್ನು ತ್ವರಿತವಾಗಿ ಕಳೆದುಕೊಳ್ಳುತ್ತವೆ.","ಸಾಂಸ್ಕೃತಿಕ ನಿಯಂತ್ರಣ ಮುಖ್ಯ.ಕೆಳಗಿನವುಗಳನ್ನು ಮಾಡಬೇಕು:
ರೋಗವನ್ನು ಹೊಂದಿರುವ ವಯಸ್ಸಾದವರ ಪಕ್ಕದಲ್ಲಿ ಹೊಸ ಬೆಳೆಗಳನ್ನು ನೆಡಬೇಡಿ.
ಪಪ್ಪಾಯಿಯಿಂದ ಸಾಧ್ಯವಾದಷ್ಟು ನೆಡಬೇಕು, ವಿಶೇಷವಾಗಿ ಎಲೆಗಳು ಸಣ್ಣ ಕೋನೀಯ ತಾಣಗಳನ್ನು ಹೊಂದಿದ್ದರೆ (ಫೋಟೋ 5).
ನರ್ಸರಿಯಲ್ಲಿನ ಎಲ್ಲಾ ಮೊಳಕೆಗಳನ್ನು ಪರಿಶೀಲಿಸಿ, ಮತ್ತು ಎಲೆಗಳ ಕಲೆಗಳೊಂದಿಗೆ ಯಾವುದನ್ನಾದರೂ ಎಸೆಯಿರಿ.
ತಳದಲ್ಲಿ ಉತ್ತಮ ಗಾಳಿಯ ಹರಿವನ್ನು ಅನುಮತಿಸಲು ಸಸ್ಯಗಳ ಕೆಳಗಿನ ಭಾಗದಿಂದ ಕೆಲವು ಶಾಖೆಗಳನ್ನು ತೆಗೆದುಹಾಕಿ
ರೋಗ ಕಂಡುಬಂದ ತಕ್ಷಣ ಕೆಳ ಎಲೆಗಳನ್ನು ತೆಗೆದುಹಾಕಿ ಮತ್ತು ಸುಟ್ಟುಹಾಕಿ, ವಿಶೇಷವಾಗಿ ಕೆಳ ಹಣ್ಣಿನ ಟ್ರಸ್ಗಳನ್ನು ಆರಿಸಿದ ನಂತರ.
ಪ್ಲಾಟ್‌ಗಳನ್ನು ಕಳೆಗಳಿಂದ ಮುಕ್ತವಾಗಿರಿಸಿಕೊಳ್ಳಿ, ಏಕೆಂದರೆ ಕೆಲವರು ಶಿಲೀಂಧ್ರದ ಆತಿಥೇಯರಾಗಿರಬಹುದು.
ಓವರ್ಹೆಡ್ ನೀರಾವರಿ ಬಳಸಬೇಡಿ;ಇಲ್ಲದಿದ್ದರೆ, ಇದು ಬೀಜಕ ಉತ್ಪಾದನೆ ಮತ್ತು ಸೋಂಕಿಗೆ ಪರಿಸ್ಥಿತಿಗಳನ್ನು ಸೃಷ್ಟಿಸುತ್ತದೆ.
ಸುಗ್ಗಿಯ ಪೂರ್ಣಗೊಂಡಾಗ ಸಾಧ್ಯವಾದಷ್ಟು ಬೆಳೆ ಸಂಗ್ರಹಿಸಿ ಮತ್ತು ಸುಟ್ಟು.
ಬೆಳೆ ತಿರುಗುವಿಕೆಯನ್ನು ಅಭ್ಯಾಸ ಮಾಡಿ, ಅದೇ ಭೂಮಿಯಲ್ಲಿ ಟೊಮೆಟೊವನ್ನು ಮರುಪರಿಶೀಲಿಸುವ 3 ವರ್ಷಗಳ ಮೊದಲು.",https://barmac.com.au/wp-content/uploads/sites/3/2016/01/Target-Spot-Tomato1.jpg
36,Tomato : Yellow Leaf Curl Virus (ಟೊಮೆಟೊ: ಹಳದಿ ಎಲೆ ಸುರುಳಿಯಾಕಾರದ ವೈರಸ್),"ಟೊಮೆಟೊ ಹಳದಿ ಎಲೆ ಕರ್ಲ್ ವೈರಸ್ ಎನ್ನುವುದು ಬಿಗೊಮೊವೈರಸ್ ಮತ್ತು ಕುಟುಂಬ ಜೆಮಿನಿವಿರಿಡೆ ಕುಲದ ಒಂದು ಜಾತಿಯಾಗಿದೆ.ಟೊಮೆಟೊ ಹಳದಿ ಎಲೆ ಕರ್ಲ್ ವೈರಸ್ (ಟಿಎಲ್‌ಸಿವಿ) ಸೋಂಕು ಟೊಮೆಟೊ ಸಸ್ಯಗಳ ಮೇಲೆ ತೀವ್ರ ರೋಗಲಕ್ಷಣಗಳನ್ನು ಉಂಟುಮಾಡುತ್ತದೆ ಮತ್ತು ವಿಶ್ವಾದ್ಯಂತ ಗಂಭೀರ ಇಳುವರಿ ನಷ್ಟವನ್ನು ಉಂಟುಮಾಡುತ್ತದೆ.ಟೈಲ್ಸಿವಿ ಅನ್ನು ಸ್ವೀಟ್‌ಪೋಟಾಟೊ ವೈಟ್‌ಫ್ಲೈ, ಬೆಮಿಸಿಯಾ ಟ್ಯಾಬಾಸಿ (ಗೆನ್ನಾಡಿಯಸ್) ನಿರಂತರವಾಗಿ ರವಾನಿಸುತ್ತದೆ.ಟಿಎಲ್‌ಸಿವಿ ವಿರುದ್ಧ ಪ್ರತಿರೋಧವನ್ನು ನೀಡುವ ಒಂದೇ ಅಥವಾ ಕೆಲವು ಜೀನ್‌ಗಳನ್ನು ಹೊಂದಿರುವ ತಳಿಗಳು ಮತ್ತು ಮಿಶ್ರತಳಿಗಳನ್ನು ಹೆಚ್ಚಾಗಿ ಟಿಎಲ್‌ಸಿವಿ-ಪ್ರೇರಿತ ನಷ್ಟಗಳನ್ನು ತಗ್ಗಿಸಲು ನೆಡಲಾಗುತ್ತದೆ.ಈ ನಿರೋಧಕ ಜಿನೋಟೈಪ್‌ಗಳು (ತಳಿಗಳು ಅಥವಾ ಮಿಶ್ರತಳಿಗಳು) TYLCV ಯಿಂದ ನಿರೋಧಕವಾಗಿರುವುದಿಲ್ಲ.ಅವರು ಸಾಮಾನ್ಯವಾಗಿ ವ್ಯವಸ್ಥಿತ ಸೋಂಕನ್ನು ಅಭಿವೃದ್ಧಿಪಡಿಸುತ್ತಾರೆ, ಸೌಮ್ಯವಾದ ರೋಗಲಕ್ಷಣಗಳನ್ನು ಪ್ರದರ್ಶಿಸುತ್ತಾರೆ ಮತ್ತು ಟೈಲ್ಸಿವಿ ಒತ್ತಡದಲ್ಲಿ ಒಳಗಾಗುವ ಜಿನೋಟೈಪ್‌ಗಳಿಗಿಂತ ಹೆಚ್ಚು ಮಾರುಕಟ್ಟೆ ಮಾಡಬಹುದಾದ ಟೊಮೆಟೊಗಳನ್ನು ಉತ್ಪಾದಿಸುತ್ತಾರೆ. ಹಲವಾರು ರೋಗಶಾಸ್ತ್ರೀಯ ವ್ಯವಸ್ಥೆಗಳಲ್ಲಿ, ಏಕ ಪ್ರಾಬಲ್ಯ-ಪ್ರತಿರೋಧ-ಸಂರಚಿಸುವ ಜೀನ್ ಹೊಂದಿರುವ ನಿರೋಧಕ ತಳಿಗಳ ವ್ಯಾಪಕ ಬಳಕೆಯು ವೈರಸ್ ಮೇಲೆ ತೀವ್ರವಾದ ಆಯ್ಕೆ ಒತ್ತಡಕ್ಕೆ ಕಾರಣವಾಗಿದೆ, ಹೆಚ್ಚು ವೈರಸ್ ಸ್ಟ್ರೈನ್ಗಳ ಅಭಿವೃದ್ಧಿ, ಮತ್ತು ಪ್ರತಿರೋಧ ಸ್ಥಗಿತ.",ವೈರಸ್ ಮತ್ತು ವೈಟ್‌ಫ್ಲೈ ಮುಕ್ತ ಟೊಮೆಟೊ ಮತ್ತು ಮೆಣಸು ಕಸಿ ಬಳಸಿ.ಕಸಿ ಮಾಡುವಿಕೆಯನ್ನು ವೈಟ್‌ಫ್ಲೈ ವಯಸ್ಕರಿಗೆ ಕ್ಯಾಪ್ಚರ್ (ಬೈಫೆಂಥ್ರಿನ್) ಅಥವಾ ವಿಷ (ಡಿನೋಟೆಫುರಾನ್) ಮತ್ತು ಮೊಟ್ಟೆ ಮತ್ತು ಅಪ್ಸರೆಗಳಿಗೆ ಒಬೆರಾನ್ ಮೂಲಕ ಚಿಕಿತ್ಸೆ ನೀಡಬೇಕು.ಐಮಿಡಾಕ್ಲೋಪ್ರಿಡ್ ಅಥವಾ ಥಿಯಾಮೆಥಾಕ್ಸಮ್ ಅನ್ನು ಸಾಗಿಸುವ ಕನಿಷ್ಠ ಏಳು ದಿನಗಳ ಮೊದಲು ಕಸಿ ಮನೆಗಳಲ್ಲಿ ಬಳಸಬೇಕು.ಇಮಿಡಾಕ್ಲೋಪ್ರಿಡ್ ಅನ್ನು ಇಡೀ ಸಸ್ಯದ ಮೇಲೆ ಮತ್ತು ಎಲೆಗಳ ಕೆಳಗೆ ಸಿಂಪಡಿಸಬೇಕು;ಮೊಟ್ಟೆಗಳು ಮತ್ತು ನೊಣಗಳು ಹೆಚ್ಚಾಗಿ ಎಲೆಗಳ ಕೆಳಗೆ ಕಂಡುಬರುತ್ತವೆ.ಪ್ರತಿ 14-21 ದಿನಗಳಿಗೊಮ್ಮೆ ಸಿಂಪಡಿಸಿ ಮತ್ತು ಅಬಾಮೆಕ್ಟಿನ್ ನೊಂದಿಗೆ ಮಾಸಿಕ ಆಧಾರದ ಮೇಲೆ ತಿರುಗಿಸಿ ಇದರಿಂದ ವೈಟ್‌ಫ್ಲೈಗಳು ರಾಸಾಯನಿಕಗಳಿಗೆ ಪ್ರತಿರೋಧವನ್ನು ಹೆಚ್ಚಿಸುವುದಿಲ್ಲ.,https://gd.eppo.int/media/data/taxon/T/TYLCV0/pics/1024x0/10609.jpg
37,Tomato : Mosaic Virus (ಟೊಮೆಟೊ: ಮೊಸಾಯಿಕ್ ವೈರಸ್),"ಟೊಮೆಟೊ ಮೊಸಾಯಿಕ್ ವೈರಸ್ (ಟಿಒಎಂವಿ) ಮತ್ತು ತಂಬಾಕು ಮೊಸಾಯಿಕ್ ವೈರಸ್ (ಟಿಎಂವಿ) ಅನ್ನು ಪ್ರತ್ಯೇಕಿಸುವುದು ಕಷ್ಟ.
ಟೊಮೆಟೊ ಮೊಸಾಯಿಕ್ ವೈರಸ್ (ಟಿಒಎಂವಿ) ಟೊಮೆಟೊ ಸಸ್ಯಗಳ ಹಳದಿ ಮತ್ತು ಕುಂಠಿತಕ್ಕೆ ಕಾರಣವಾಗಬಹುದು, ಇದರ ಪರಿಣಾಮವಾಗಿ ಸ್ಟ್ಯಾಂಡ್ ನಷ್ಟ ಮತ್ತು ಇಳುವರಿ ಕಡಿಮೆಯಾಗುತ್ತದೆ.
TOMV ಹಣ್ಣುಗಳ ಅಸಮ ಹಣ್ಣಾಗಲು ಕಾರಣವಾಗಬಹುದು, ಇಳುವರಿಯನ್ನು ಮತ್ತಷ್ಟು ಕಡಿಮೆ ಮಾಡುತ್ತದೆ.
ತಂಬಾಕು ಮೊಸಾಯಿಕ್ ವೈರಸ್ (ಟಿಎಂವಿ) ಒಂದು ಕಾಲದಲ್ಲಿ ಟೊಮೆಟೊದಲ್ಲಿ ಹೆಚ್ಚು ಸಾಮಾನ್ಯವಾಗಿದೆ ಎಂದು ಭಾವಿಸಲಾಗಿತ್ತು.
ಟಿಎಂವಿ ಸಾಮಾನ್ಯವಾಗಿ ಟೊಮೆಟೊ ರೋಗಕಾರಕಕ್ಕಿಂತ ತಂಬಾಕು ರೋಗಕಾರಕವಾಗಿದೆ. ಎಲೆಗಳ ಮೇಲೆ ಬೆಳಕು ಮತ್ತು ಕಡು ಹಸಿರು.
ಯುವ ಟೊಮೆಟೊ ಎಲೆ ಬೆಳಕು ಮತ್ತು ಗಾ dark ಹಸಿರು, ಕುಂಠಿತ ಬೆಳವಣಿಗೆ, ಸುರುಳಿಯಾಕಾರದ ಮತ್ತು ದೋಷಪೂರಿತ ಎಲೆಗಳು.
ಟೊಮೆಟೊ ಮೊಳಕೆ ಮೇಲೆ ತಂಬಾಕು ಮೊಸಾಯಿಕ್ ವೈರಸ್ ಲಕ್ಷಣಗಳು
ಸಸ್ಯಗಳು ಮೊದಲೇ ಸೋಂಕಿಗೆ ಒಳಗಾಗಿದ್ದರೆ, ಅವು ಹಳದಿ ಮತ್ತು ಒಟ್ಟಾರೆ ಕುಂಠಿತವಾಗಿ ಕಾಣಿಸಬಹುದು.
ಎಲೆಗಳನ್ನು ಸುರುಳಿಯಾಗಿರಬಹುದು, ವಿರೂಪಗೊಳಿಸಬಹುದು ಅಥವಾ ಗಾತ್ರದಲ್ಲಿ ಕಡಿಮೆ ಮಾಡಬಹುದು.","ಪ್ರಮಾಣೀಕೃತ ರೋಗ ಮುಕ್ತ ಬೀಜವನ್ನು ಬಳಸಿ ಅಥವಾ ನಿಮ್ಮ ಸ್ವಂತ ಬೀಜಕ್ಕೆ ಚಿಕಿತ್ಸೆ ನೀಡಿ.
ಬೀಜಗಳನ್ನು ಟ್ರೈಸೋಡಿಯಂ ಫಾಸ್ಫೇಟ್ (NA3PO4) ನ 10% ದ್ರಾವಣದಲ್ಲಿ ಕನಿಷ್ಠ 15 ನಿಮಿಷಗಳ ಕಾಲ ನೆನೆಸಿ.
ಅಥವಾ ಒಣ ಬೀಜಗಳನ್ನು 158 ° F ಗೆ ಬಿಸಿ ಮಾಡಿ ಮತ್ತು ಅವುಗಳನ್ನು ಎರಡು ನಾಲ್ಕು ದಿನಗಳವರೆಗೆ ಆ ತಾಪಮಾನದಲ್ಲಿ ಹಿಡಿದುಕೊಳ್ಳಿ.
ಪ್ರತಿಷ್ಠಿತ ಮೂಲಗಳಿಂದ ಮಾತ್ರ ಕಸಿ ಮಾಡುವಿಕೆಯನ್ನು ಖರೀದಿಸಿ.ರೋಗವನ್ನು ತಡೆಗಟ್ಟಲು ಅವರು ಬಳಸುವ ನೈರ್ಮಲ್ಯ ಕಾರ್ಯವಿಧಾನಗಳ ಬಗ್ಗೆ ಕೇಳಿ.
ಖರೀದಿಸುವ ಮೊದಲು ಕಸಿ ಮಾಡುವಿಕೆಯನ್ನು ಪರೀಕ್ಷಿಸಿ.ಸ್ಪಷ್ಟ ರೋಗಲಕ್ಷಣಗಳನ್ನು ತೋರಿಸುವ ಕಸಿ ಮಾಡುವಿಕೆಯನ್ನು ಮಾತ್ರ ಆರಿಸಿ.
ಟೊಮೆಟೊ ಬೇರಿನ ಅವಶೇಷಗಳು ಇರುವ ಹೊಲಗಳಲ್ಲಿ ನೆಡುವುದನ್ನು ತಪ್ಪಿಸಿ, ಏಕೆಂದರೆ ವೈರಸ್ ಬೇರುಗಳಲ್ಲಿ ದೀರ್ಘಕಾಲದಿಂದ ಬದುಕುಳಿಯುತ್ತದೆ.
ಸಸ್ಯಗಳ ನಡುವೆ ಸಂಭಾವ್ಯ ಹರಡುವಿಕೆಯನ್ನು ಕಡಿಮೆ ಮಾಡಲು ಸಸ್ಯಗಳನ್ನು ನಿರ್ವಹಿಸುವ ಮೊದಲು ಮತ್ತು ಸಮಯದಲ್ಲಿ ಸೋಪ್ ಮತ್ತು ನೀರಿನಿಂದ ಕೈ ತೊಳೆಯಿರಿ.",http://ucanr.edu/blogs/dirt/blogfiles/71403_original.jpg
38,Tomato : Healthy (ಟೊಮೆಟೊ: ಆರೋಗ್ಯಕರ),"ಒಂದು ವಾರದ ಮೊದಲು ಮತ್ತು ನೆಟ್ಟ ದಿನದಂದು ಫಲವತ್ತಾಗಿಸಿ.ಅವರು ವಿಶೇಷವಾಗಿ ರಂಜಕವನ್ನು ಪ್ರೀತಿಸುತ್ತಾರೆ, ಇದು ಹೂವುಗಳ ರಚನೆಯನ್ನು ಮತ್ತು ಅವುಗಳಿಂದ ಬೆಳೆಯುವ ಹಣ್ಣುಗಳು ಅಥವಾ ತರಕಾರಿಗಳನ್ನು ಉತ್ತೇಜಿಸುತ್ತದೆ.ನಿಮ್ಮ ಟೊಮೆಟೊ ಸಸ್ಯಗಳು ಹಣ್ಣಿನ ಬೆಳವಣಿಗೆಗಿಂತ ಬಳ್ಳಿಯ ಬೆಳವಣಿಗೆಯನ್ನು ಉತ್ತೇಜಿಸುತ್ತದೆ.","ಟೊಮೆಟೊ (ಸೋಲಾನಮ್ ಲೈಕೋಪೆರ್ಸಿಕಮ್) ನೈಟ್‌ಶೇಡ್ ಕುಟುಂಬದಿಂದ ದಕ್ಷಿಣ ಅಮೆರಿಕಾಕ್ಕೆ ಒಂದು ಹಣ್ಣು.

ಸಸ್ಯಶಾಸ್ತ್ರೀಯವಾಗಿ ಹಣ್ಣಿನ ಹೊರತಾಗಿಯೂ, ಇದನ್ನು ಸಾಮಾನ್ಯವಾಗಿ ತರಕಾರಿಯಂತೆ ತಿನ್ನಲಾಗುತ್ತದೆ ಮತ್ತು ತಯಾರಿಸಲಾಗುತ್ತದೆ.

ಟೊಮ್ಯಾಟೋಸ್ ಉತ್ಕರ್ಷಣ ನಿರೋಧಕ ಲೈಕೋಪೀನ್‌ನ ಪ್ರಮುಖ ಆಹಾರ ಮೂಲವಾಗಿದೆ, ಇದು ಹೃದ್ರೋಗ ಮತ್ತು ಕ್ಯಾನ್ಸರ್ ಅಪಾಯವನ್ನು ಕಡಿಮೆ ಒಳಗೊಂಡಂತೆ ಅನೇಕ ಆರೋಗ್ಯ ಪ್ರಯೋಜನಗಳಿಗೆ ಸಂಬಂಧಿಸಿದೆ.

ಅವು ವಿಟಮಿನ್ ಸಿ, ಪೊಟ್ಯಾಸಿಯಮ್, ಫೋಲೇಟ್ ಮತ್ತು ವಿಟಮಿನ್ ಕೆ ನ ಉತ್ತಮ ಮೂಲವಾಗಿದೆ.",https://cdn8.dissolve.com/p/D869_27_632/D869_27_632_1200.jpg
